Annee,Discipline,NbRep,TauxInsert,TauxChomageNat,
2014,Droit,1922,91,9.3,
2014,Droit,2753,91,9.3,
2014,Droit,787,91,9.3,
2018,Droit,3409,91,7.8,
2016,Droit,3062,91,8.5,
2012,Droit,2387,86,10.1,
2015,Droit,852,91,8.6,
2013,Droit,2491,86,9.9,
2014,Droit,349,88,9.3,
2018,Droit,447,83,7.8,
2014,Droit,207,82,9.3,
2014,Droit,141,79,9.3,
2015,Droit,147,80,8.6,
2017,Droit,308,91,7.8,
2012,Droit,260,79,10.1,
2011,Droit,305,85,9.7,
2017,Droit,308,87,7.8,,
2014,economie,738,87,9.3,,
2014,economie,697,90,9.3,,
2014,economie,1440,87,9.3,,
2016,economie,1425,89,8.5,,
2015,economie,679,88,8.6,,
2015,economie,679,92,8.6,,
2018,Gestion,7463,93,7.8,,
2014,Gestion,3939,93,9.3,,
2016,Gestion,6990,95,8.5,,
2018,Gestion,7463,92,7.8,,
2012,Gestion,6331,89,10.1,,
2018,Autres formations juridiques  economiques et de gestion,905,87,7.8,,
2014,Autres formations juridiques  economiques et de gestion,1460,92,9.3,,
2015,Autres formations juridiques  economiques et de gestion,1420,90,8.6,,
2018,Autres formations juridiques  economiques et de gestion,194,87,7.8,,
2014,Autres formations juridiques  economiques et de gestion,366,84,9.3,,
2014,Autres formations juridiques  economiques et de gestion,576,91,9.3,,
2016,Autres formations juridiques  economiques et de gestion,108,87,8.5,,
2015,Autres formations juridiques  economiques et de gestion,371,87,8.6,,
2016,Autres formations juridiques  economiques et de gestion,179,94,8.5,,
2011,Autres formations juridiques  economiques et de gestion,575,89,9.7,,
2015,Autres formations juridiques  economiques et de gestion,568,90,8.6,,
2013,Autres formations juridiques  economiques et de gestion,306,80,9.9,,
2014,Autres formations juridiques  economiques et de gestion,39,83,9.3,,
2016,Autres formations juridiques  economiques et de gestion,62,87,8.5,,
2017,Autres formations juridiques  economiques et de gestion,41,96,7.8,,
2015,Autres formations juridiques  economiques et de gestion,45,91,8.6,,
2017,Autres formations juridiques  economiques et de gestion,65,89,7.8,,
2013,Autres formations juridiques  economiques et de gestion,67,78,9.9,,
2017,Autres formations juridiques  economiques et de gestion,41,90,7.8,,
2014,Autres formations juridiques  economiques et de gestion,472,93,9.3,,
2014,Autres formations juridiques  economiques et de gestion,229,93,9.3,,
2018,Autres formations juridiques  economiques et de gestion,133,94,7.8,,
2014,Autres formations juridiques  economiques et de gestion,242,93,9.3,,
2015,Autres formations juridiques  economiques et de gestion,219,94,8.6,,
2011,Autres formations juridiques  economiques et de gestion,546,89,9.7,,
2018,Autres formations juridiques  economiques et de gestion,110,93,7.8,,
2017,Autres formations juridiques  economiques et de gestion,309,96,7.8,,
2013,Autres formations juridiques  economiques et de gestion,173,95,9.9,,
2013,Autres formations juridiques  economiques et de gestion,176,92,9.9,,
2014,Lettres  langues  arts,2622,87,9.3,,
2015,Lettres  langues  arts,2074,82,8.6,,
2015,Lettres  langues  arts,2074,87,8.6,,
2012,Lettres  langues  arts,2564,84,10.1,,
2016,Lettres  langues  arts,2006,86,8.5,,
2011,Lettres  langues  arts,2664,87,9.7,,
2013,Lettres  langues  arts,2065,88,9.9,,
2013,Lettres  langues  arts,541,79,9.9,,
2018,Lettres  langues  arts,442,80,7.8,,
2018,Lettres  langues  arts,207,77,7.8,,
2018,Lettres  langues  arts,649,79,7.8,,
2018,Lettres  langues  arts,442,80,7.8,,
2017,Lettres  langues  arts,147,80,7.8,,
2015,Lettres  langues  arts,526,82,8.6,,
2017,Lettres  langues  arts,147,81,7.8,,
2014,Lettres  langues  arts,63,89,9.3,,
2014,Lettres  langues  arts,80,88,9.3,,
2018,Lettres  langues  arts,54,98,7.8,,
2016,Lettres  langues  arts,52,97,8.5,,
2016,Lettres  langues  arts,52,95,8.5,,
2013,Lettres  langues  arts,66,88,9.9,,
2014,Lettres  langues  arts,262,90,9.3,,
2016,Lettres  langues  arts,76,78,8.5,,
2015,Lettres  langues  arts,259,89,8.6,,
2015,Lettres  langues  arts,259,85,8.6,,
2017,Lettres  langues  arts,225,86,7.8,,
2012,Lettres  langues  arts,366,91,10.1,,
2013,Lettres  langues  arts,81,78,9.9,,
2014,Lettres  langues  arts,177,80,9.3,,
2018,Lettres  langues  arts,119,85,7.8,,
2016,Lettres  langues  arts,191,81,8.5,,
2015,Lettres  langues  arts,27,79,8.6,,
2016,Lettres  langues  arts,191,86,8.5,,
2015,Lettres  langues  arts,180,83,8.6,,
2013,Lettres  langues  arts,220,88,9.9,,
2013,Lettres  langues  arts,187,89,9.9,,
2013,Lettres  langues  arts,33,87,9.9,,
2016,Lettres  langues  arts,150,84,8.5,,
2012,Lettres  langues  arts,608,84,10.1,,
2011,Lettres  langues  arts,649,87,9.7,,
2016,Lettres  langues  arts,561,88,8.5,,
2013,Lettres  langues  arts,529,89,9.9,,
2013,Lettres  langues  arts,675,84,9.9,,
2013,Lettres  langues  arts,529,83,9.9,,
2013,Lettres  langues  arts,57,87,9.9,,
2013,Lettres  langues  arts,57,84,9.9,,
2016,Lettres  langues  arts,38,92,8.5,,
2011,Lettres  langues  arts,253,89,9.7,,
2017,Lettres  langues  arts,163,92,7.8,,
2015,Lettres  langues  arts,133,94,8.6,,
2013,Lettres  langues  arts,151,88,9.9,,
2013,Lettres  langues  arts,35,94,9.9,,
2018,Lettres  langues  arts,117,90,7.8,,
2014,Lettres  langues  arts,97,90,9.3,,
2015,Lettres  langues  arts,127,77,8.6,,
2017,Lettres  langues  arts,134,86,7.8,,
2015,Lettres  langues  arts,127,86,8.6,,
2013,Lettres  langues  arts,116,86,9.9,,
2018,Lettres  langues  arts,111,82,7.8,,
2014,Lettres  langues  arts,157,73,9.3,,
2011,Lettres  langues  arts,132,86,9.7,,
2012,Lettres  langues  arts,136,80,10.1,,
2013,Lettres  langues  arts,125,83,9.9,,
2013,Lettres  langues  arts,125,89,9.9,,
2015,Histoire-geographie,543,74,8.6,,
2017,Histoire-geographie,578,81,7.8,,
2018,Histoire-geographie,256,88,7.8,,
2015,Histoire-geographie,278,88,8.6,,
2013,Histoire-geographie,288,74,9.9,,
2015,Psychologie,1180,93,8.6,,
2017,Psychologie,187,89,7.8,,
2013,Psychologie,140,90,9.9,,
2017,Information communication,367,91,7.8,,
2013,Information communication,1561,87,9.9,,
2013,Information communication,1063,87,9.9,,
2018,Autres sciences humaines et sociales,2496,86,7.8,,
2018,Autres sciences humaines et sociales,784,88,7.8,,
2013,Autres sciences humaines et sociales,445,88,9.9,,
2017,Autres sciences humaines et sociales,71,73,7.8,,
2016,Autres sciences humaines et sociales,101,81,8.5,,
2013,Autres sciences humaines et sociales,43,61,9.9,,
2013,Autres sciences humaines et sociales,43,75,9.9,,
2016,Autres sciences humaines et sociales,59,83,8.5,,
2015,Autres sciences humaines et sociales,81,77,8.6,,
2015,Autres sciences humaines et sociales,30,72,8.6,,
2014,Autres sciences humaines et sociales,238,87,9.3,,
2016,Autres sciences humaines et sociales,184,91,8.5,,
2017,Autres sciences humaines et sociales,171,90,7.8,,
2012,Autres sciences humaines et sociales,211,93,10.1,,
2017,Autres sciences humaines et sociales,204,88,7.8,,
2015,Autres sciences humaines et sociales,221,89,8.6,,
2018,Autres sciences humaines et sociales,283,84,7.8,,
2014,Autres sciences humaines et sociales,401,84,9.3,,
2018,Autres sciences humaines et sociales,283,82,7.8,,
2015,Autres sciences humaines et sociales,75,87,8.6,,
2015,Autres sciences humaines et sociales,75,78,8.6,,
2017,Autres sciences humaines et sociales,292,84,7.8,,
2015,Autres sciences humaines et sociales,377,85,8.6,,
2013,Autres sciences humaines et sociales,377,80,9.9,,
2012,Autres sciences humaines et sociales,326,79,10.1,,
2013,Autres sciences humaines et sociales,396,82,9.9,,
2017,Autres sciences humaines et sociales,318,84,7.8,,
2013,Autres sciences humaines et sociales,72,79,9.9,,
2016,Sciences de l'ingenieur,331,97,8.5,,
2018,Sciences de l'ingenieur,62,96,7.8,,
2014,Sciences de l'ingenieur,100,90,9.3,,
2018,Sciences de l'ingenieur,117,88,7.8,,
2014,Sciences de l'ingenieur,219,84,9.3,,
2016,Sciences de l'ingenieur,205,91,8.5,,
2011,Sciences de l'ingenieur,273,89,9.7,,
2017,Sciences de l'ingenieur,69,95,7.8,,
2015,Sciences de l'ingenieur,320,94,8.6,,
2013,Sciences de l'ingenieur,211,86,9.9,,
2014,Sciences de l'ingenieur,483,93,9.3,,
2014,Sciences de l'ingenieur,403,85,9.3,,
2015,Sciences de l'ingenieur,375,95,8.6,,
2016,Sciences de l'ingenieur,496,91,8.5,,
2015,Sciences de l'ingenieur,439,90,8.6,,
2017,Sciences de l'ingenieur,342,94,7.8,,
2016,Sciences de l'ingenieur,79,94,8.5,,
2016,Sciences de l'ingenieur,496,96,8.5,,
2017,Sciences de l'ingenieur,448,92,7.8,,
2013,Sciences de l'ingenieur,456,91,9.9,,
2013,Sciences de l'ingenieur,57,95,9.9,,
2014,Sciences de l'ingenieur,558,93,9.3,,
2014,Sciences de l'ingenieur,182,89,9.3,,
2016,Sciences de l'ingenieur,159,87,8.5,,
2015,Sciences de l'ingenieur,190,92,8.6,,
2013,Sciences de l'ingenieur,534,86,9.9,,
2013,Sciences de l'ingenieur,363,92,9.9,,
2014,Informatique,1248,94,9.3,,
2016,Informatique,1309,97,8.5,,
2016,Informatique,194,92,8.5,,
2012,Informatique,1399,93,10.1,,
2017,Informatique,210,96,7.8,,
2014,Autres sciences  technologies et sante,1393,92,9.3,,
2014,Autres sciences  technologies et sante,65,86,9.3,,
2011,Autres sciences  technologies et sante,79,89,9.7,,
2014,Autres sciences  technologies et sante,44,96,9.3,,
2018,Autres sciences  technologies et sante,31,96,7.8,,
2014,Autres sciences  technologies et sante,35,100,9.3,,
2013,Autres sciences  technologies et sante,34,94,9.9,,
2013,Autres sciences  technologies et sante,46,94,9.9,,
2018,Autres sciences  technologies et sante,106,90,7.8,,
2014,Autres sciences  technologies et sante,60,92,9.3,,
2014,Autres sciences  technologies et sante,258,91,9.3,,
2014,Autres sciences  technologies et sante,60,90,9.3,,
2016,Autres sciences  technologies et sante,103,91,8.5,,
2016,Autres sciences  technologies et sante,146,93,8.5,,
2017,Autres sciences  technologies et sante,131,91,7.8,,
2011,Autres sciences  technologies et sante,260,94,9.7,,
2018,Autres sciences  technologies et sante,79,95,7.8,,
2018,Autres sciences  technologies et sante,185,92,7.8,,
2014,Autres sciences  technologies et sante,96,88,9.3,,
2015,Autres sciences  technologies et sante,137,92,8.6,,
2012,Autres sciences  technologies et sante,125,92,10.1,,
2017,Autres sciences  technologies et sante,49,90,7.8,,
2011,Autres sciences  technologies et sante,96,88,9.7,,
2013,Autres sciences  technologies et sante,41,93,9.9,,
2013,Autres sciences  technologies et sante,94,88,9.9,,
2014,Autres sciences  technologies et sante,605,93,9.3,,
2014,Autres sciences  technologies et sante,227,91,9.3,,
2016,Autres sciences  technologies et sante,697,89,8.5,,
2015,Autres sciences  technologies et sante,260,93,8.6,,
2017,Autres sciences  technologies et sante,415,93,7.8,,
2015,Autres sciences  technologies et sante,685,93,8.6,,
2018,Autres sciences  technologies et sante,331,95,7.8,,
2011,Autres sciences  technologies et sante,638,90,9.7,,
2012,Autres sciences  technologies et sante,616,92,10.1,,
2017,Autres sciences  technologies et sante,262,88,7.8,,
2018,Autres sciences  technologies et sante,81,95,7.8,,
2018,Autres sciences  technologies et sante,162,93,7.8,,
2016,Autres sciences  technologies et sante,84,87,8.5,,
2015,Autres sciences  technologies et sante,118,94,8.6,,
2012,Autres sciences  technologies et sante,255,90,10.1,,
2013,Autres sciences  technologies et sante,227,94,9.9,,
2014,Autres sciences  technologies et sante,30,86,9.3,,
2014,Autres sciences  technologies et sante,48,87,9.3,,
2016,Autres sciences  technologies et sante,30,90,8.5,,
2012,Autres sciences  technologies et sante,47,87,10.1,,
2013,Autres sciences  technologies et sante,38,79,9.9,,
2013,Masters enseignement,856,97,9.9,,
2014,Masters enseignement,721,97,9.3,,
2016,Masters enseignement,4411,98,8.5,,
2012,Masters enseignement,5024,97,10.1,,
2017,Masters enseignement,5927,98,7.8,,
2018,Histoire-geographie,200,80,7.8,,
2012,Histoire-geographie,562,82,10.1,,
2013,Histoire-geographie,331,72,9.9,,
2014,Histoire-geographie,538,77,9.3,,
2016,Histoire-geographie,272,84,8.5,,
2018,Histoire-geographie,256,84,7.8,,
2013,Histoire-geographie,541,75,9.9,,
2014,Psychologie,1180,89,9.3,,
2018,Psychologie,1571,91,7.8,,
2013,Psychologie,1366,84,9.9,,
2016,Information communication,992,86,8.5,,
2011,Information communication,1448,89,9.7,,
2017,Information communication,1131,91,7.8,,
2018,Autres sciences humaines et sociales,2496,86,7.8,,
2018,Autres sciences humaines et sociales,784,87,7.8,,
2014,Autres sciences humaines et sociales,732,88,9.3,,
2018,Autres sciences humaines et sociales,1294,88,7.8,,
2015,Autres sciences humaines et sociales,413,82,8.6,,
2012,Autres sciences humaines et sociales,782,81,10.1,,
2016,Autres sciences humaines et sociales,465,89,8.5,,
2014,Autres sciences humaines et sociales,117,67,9.3,,
2014,Autres sciences humaines et sociales,31,56,9.3,,
2016,Autres sciences humaines et sociales,43,68,8.5,,
2015,Autres sciences humaines et sociales,115,80,8.6,,
2015,Autres sciences humaines et sociales,89,85,8.6,,
2013,Autres sciences humaines et sociales,72,88,9.9,,
2018,Sciences de la vie et de la terre,3011,86,7.8,,
2015,Sciences de la vie et de la terre,2590,86,8.6,,
2016,Sciences de la vie et de la terre,2690,88,8.5,,
2014,Sciences de la vie et de la terre,547,75,9.3,,
2017,Sciences de la vie et de la terre,677,88,7.8,,
2013,Sciences de la vie et de la terre,990,88,9.9,,
2017,Sciences de la vie et de la terre,677,83,7.8,,
2018,Sciences de la vie et de la terre,644,84,7.8,,
2014,Sciences de la vie et de la terre,438,81,9.3,,
2014,Sciences de la vie et de la terre,417,74,9.3,,
2015,Sciences de la vie et de la terre,438,73,8.6,,
2012,Sciences de la vie et de la terre,731,76,10.1,,
2017,Sciences de la vie et de la terre,361,88,7.8,,
2016,Sciences de la vie et de la terre,388,83,8.5,,
2013,Sciences de la vie et de la terre,816,80,9.9,,
2017,Sciences de la vie et de la terre,738,83,7.8,,
2014,Sciences de la vie et de la terre,107,89,9.3,,
2016,Sciences de la vie et de la terre,58,61,8.5,,
2014,Sciences de la vie et de la terre,107,84,9.3,,
2014,Sciences de la vie et de la terre,53,75,9.3,,
2015,Sciences de la vie et de la terre,61,86,8.6,,
2011,Sciences de la vie et de la terre,165,79,9.7,,
2015,Sciences de la vie et de la terre,94,83,8.6,,
2013,Sciences de la vie et de la terre,84,91,9.9,,
2017,Sciences fondamentales,1241,92,7.8,,
2016,Sciences fondamentales,1211,92,8.5,,
2015,Sciences fondamentales,1161,92,8.6,,
2015,Sciences fondamentales,582,82,8.6,,
2015,Sciences fondamentales,224,78,8.6,,
2012,Sciences fondamentales,620,80,10.1,,
2017,Sciences fondamentales,639,91,7.8,,
2018,Sciences fondamentales,384,91,7.8,,
2011,Sciences fondamentales,622,87,9.7,,
2016,Sciences fondamentales,358,90,8.5,,
2013,Sciences fondamentales,202,82,9.9,,
2013,Sciences fondamentales,371,79,9.9,,
2013,Sciences fondamentales,575,80,9.9,,
2014,Sciences fondamentales,151,81,9.3,,
2015,Sciences fondamentales,205,83,8.6,,
2011,Sciences fondamentales,288,93,9.7,,
2018,Sciences fondamentales,54,92,7.8,,
2012,Sciences fondamentales,263,81,10.1,,
2018,Sciences fondamentales,224,90,7.8,,
2017,Sciences fondamentales,153,88,7.8,,
2018,Sciences fondamentales,47,94,7.8,,
2016,Sciences fondamentales,42,77,8.5,,
2014,Sciences fondamentales,36,86,9.3,,
2017,Sciences fondamentales,150,92,7.8,,
2017,Sciences fondamentales,61,88,7.8,,
2017,Sciences fondamentales,89,90,7.8,,
2018,Sciences fondamentales,115,96,7.8,,
2016,Sciences fondamentales,71,92,8.5,,
2017,Sciences fondamentales,223,96,7.8,,
2017,Sciences fondamentales,140,95,7.8,,
2014,Sciences fondamentales,37,97,9.3,,
2018,Sciences fondamentales,32,90,7.8,,
2014,Sciences fondamentales,37,86,9.3,,
2016,Sciences fondamentales,70,83,8.5,,
2012,Sciences fondamentales,61,90,10.1,,
2016,Sciences fondamentales,125,99,8.5,,
2013,Sciences fondamentales,50,98,9.9,,
2013,Sciences fondamentales,33,97,9.9,,
2018,Sciences fondamentales,56,95,7.8,,
2018,Sciences de l'ingenieur,187,97,7.8,,
2014,Sciences de l'ingenieur,215,92,9.3,,
2016,Sciences de l'ingenieur,194,96,8.5,,
2011,Sciences de l'ingenieur,253,92,9.7,,
2013,Sciences de l'ingenieur,247,94,9.9,,
2018,Sciences de l'ingenieur,174,91,7.8,,
2018,Sciences de l'ingenieur,320,97,7.8,,
2017,Sciences de l'ingenieur,259,95,7.8,,
2012,Sciences de l'ingenieur,324,90,10.1,,
2014,Droit,1922,88,9.3,,
2016,Droit,937,92,8.5,,
2016,Droit,2124,91,8.5,,
2015,Droit,2770,92,8.6,,
2011,Droit,2463,90,9.7,,
2016,Droit,2124,94,8.5,,
2016,Droit,937,93,8.5,,
2013,Droit,1729,91,9.9,,
2018,Droit,190,86,7.8,,
2018,Droit,257,85,7.8,,
2014,Droit,141,83,9.3,,
2012,Droit,260,81,10.1,,
2015,Droit,344,86,8.6,,
2016,Droit,265,90,8.5,,
2017,Droit,527,85,7.8,,
2013,Droit,185,78,9.9,,
2013,Droit,307,76,9.9,,
2013,Droit,185,85,9.9,,
2012,economie,1364,89,10.1,,
2013,economie,1368,85,9.9,,
2017,economie,816,92,7.8,,
2015,Gestion,2986,94,8.6,,
2016,Gestion,6990,92,8.5,,
2016,Gestion,3020,95,8.5,,
2015,Gestion,6917,94,8.6,,
2016,Gestion,3970,94,8.5,,
2015,Gestion,3930,93,8.6,,
2017,Gestion,7069,94,7.8,,
2013,Gestion,3740,89,9.9,,
2014,Autres formations juridiques  economiques et de gestion,1460,86,9.3,,
2016,Autres formations juridiques  economiques et de gestion,287,88,8.5,,
2015,Autres formations juridiques  economiques et de gestion,568,87,8.6,,
2015,Autres formations juridiques  economiques et de gestion,371,89,8.6,,
2017,Autres formations juridiques  economiques et de gestion,341,90,7.8,,
2016,Autres formations juridiques  economiques et de gestion,287,93,8.5,,
2017,Autres formations juridiques  economiques et de gestion,122,95,7.8,,
2012,Autres formations juridiques  economiques et de gestion,575,84,10.1,,
2017,Autres formations juridiques  economiques et de gestion,341,90,7.8,,
2013,Autres formations juridiques  economiques et de gestion,216,90,9.9,,
2013,Autres formations juridiques  economiques et de gestion,529,81,9.9,,
2014,Autres formations juridiques  economiques et de gestion,63,81,9.3,,
2014,Autres formations juridiques  economiques et de gestion,63,89,9.3,,
2016,Autres formations juridiques  economiques et de gestion,30,87,8.5,,
2012,Autres formations juridiques  economiques et de gestion,37,86,10.1,,
2012,Autres formations juridiques  economiques et de gestion,37,84,10.1,,
2017,Autres formations juridiques  economiques et de gestion,142,89,7.8,,
2017,Autres formations juridiques  economiques et de gestion,41,91,7.8,,
2016,Autres formations juridiques  economiques et de gestion,186,90,8.5,,
2016,Autres formations juridiques  economiques et de gestion,394,92,8.5,,
2015,Autres formations juridiques  economiques et de gestion,216,92,8.6,,
2015,Autres formations juridiques  economiques et de gestion,435,93,8.6,,
2013,Autres formations juridiques  economiques et de gestion,352,93,9.9,,
2014,Lettres  langues  arts,544,84,9.3,,
2014,Lettres  langues  arts,2070,83,9.3,,
2016,Lettres  langues  arts,560,82,8.5,,
2016,Lettres  langues  arts,2006,84,8.5,,
2018,Lettres  langues  arts,2832,84,7.8,,
2016,Lettres  langues  arts,169,76,8.5,,
2013,Lettres  langues  arts,642,83,9.9,,
2015,Lettres  langues  arts,78,88,8.6,,
2015,Lettres  langues  arts,67,94,8.6,,
2017,Lettres  langues  arts,64,91,7.8,,
2017,Lettres  langues  arts,71,92,7.8,,
2016,Lettres  langues  arts,48,94,8.5,,
2017,Lettres  langues  arts,71,90,7.8,,
2013,Lettres  langues  arts,78,88,9.9,,
2013,Lettres  langues  arts,78,90,9.9,,
2014,Lettres  langues  arts,329,86,9.3,,
2014,Lettres  langues  arts,262,85,9.3,,
2014,Lettres  langues  arts,67,88,9.3,,
2015,Lettres  langues  arts,50,81,8.6,,
2016,Lettres  langues  arts,322,88,8.5,,
2017,Lettres  langues  arts,296,85,7.8,,
2015,Lettres  langues  arts,209,88,8.6,,
2017,Lettres  langues  arts,296,82,7.8,,
2017,Lettres  langues  arts,225,81,7.8,,
2013,Lettres  langues  arts,267,87,9.9,,
2013,Lettres  langues  arts,267,88,9.9,,
2018,Lettres  langues  arts,99,90,7.8,,
2014,Lettres  langues  arts,198,90,9.3,,
2016,Lettres  langues  arts,36,84,8.5,,
2016,Lettres  langues  arts,155,80,8.5,,
2015,Lettres  langues  arts,207,83,8.6,,
2015,Lettres  langues  arts,180,78,8.6,,
2011,Lettres  langues  arts,238,88,9.7,,
2014,Lettres  langues  arts,717,86,9.3,,
2018,Lettres  langues  arts,955,86,7.8,,
2015,Lettres  langues  arts,154,92,8.6,,
2015,Lettres  langues  arts,719,90,8.6,,
2015,Lettres  langues  arts,719,83,8.6,,
2018,Lettres  langues  arts,196,82,7.8,,
2017,Lettres  langues  arts,867,87,7.8,,
2017,Lettres  langues  arts,165,87,7.8,,
2014,Lettres  langues  arts,37,84,9.3,,
2015,Lettres  langues  arts,202,90,8.6,,
2016,Lettres  langues  arts,182,89,8.5,,
2018,Lettres  langues  arts,227,88,7.8,,
2016,Lettres  langues  arts,220,91,8.5,,
2012,Lettres  langues  arts,235,84,10.1,,
2017,Lettres  langues  arts,163,89,7.8,,
2013,Lettres  langues  arts,156,92,9.9,,
2013,Lettres  langues  arts,156,88,9.9,,
2016,Lettres  langues  arts,103,92,8.5,,
2015,Lettres  langues  arts,133,86,8.6,,
2013,Lettres  langues  arts,151,84,9.9,,
2016,Lettres  langues  arts,113,80,8.5,,
2015,Lettres  langues  arts,105,76,8.6,,
2012,Lettres  langues  arts,130,82,10.1,,
2011,Lettres  langues  arts,120,88,9.7,,
2016,Lettres  langues  arts,94,86,8.5,,
2013,Lettres  langues  arts,97,82,9.9,,
2017,Lettres  langues  arts,34,71,7.8,,
2014,Lettres  langues  arts,126,74,9.3,,
2014,Lettres  langues  arts,31,70,9.3,,
2016,Lettres  langues  arts,114,82,8.5,,
2015,Lettres  langues  arts,117,81,8.6,,
2017,Lettres  langues  arts,109,87,7.8,,
2015,Histoire-geographie,166,68,8.6,,
2013,Histoire-geographie,148,76,9.9,,
2013,Histoire-geographie,148,86,9.9,,
2013,Histoire-geographie,480,82,9.9,,
2014,Histoire-geographie,245,84,9.3,,
2014,Histoire-geographie,293,84,9.3,,
2015,Histoire-geographie,296,80,8.6,,
2017,Histoire-geographie,230,82,7.8,,
2013,Histoire-geographie,541,85,9.9,,
2014,Psychologie,158,83,9.3,,
2015,Psychologie,1180,88,8.6,,
2017,Psychologie,187,92,7.8,,
2017,Psychologie,1501,90,7.8,,
2012,Psychologie,1425,90,10.1,,
2013,Psychologie,1220,89,9.9,,
2014,Information communication,1569,85,9.3,,
2014,Information communication,1051,88,9.3,,
2016,Information communication,1386,86,8.5,,
2012,Information communication,1458,82,10.1,,
2014,Autres sciences humaines et sociales,425,88,9.3,,
2016,Autres sciences humaines et sociales,377,88,8.5,,
2017,Autres sciences humaines et sociales,1059,87,7.8,,
2016,Lettres  langues  arts,2566,86,8.5,,
2013,Lettres  langues  arts,541,84,9.9,,
2013,Lettres  langues  arts,167,81,9.9,,
2018,Lettres  langues  arts,649,80,7.8,,
2013,Lettres  langues  arts,642,75,9.9,,
2013,Lettres  langues  arts,167,74,9.9,,
2018,Histoire-geographie,1118,83,7.8,,
2018,Histoire-geographie,437,77,7.8,,
2014,Histoire-geographie,529,83,9.3,,
2014,Histoire-geographie,293,77,9.3,,
2015,Histoire-geographie,296,88,8.6,,
2016,Histoire-geographie,293,83,8.5,,
2017,Histoire-geographie,456,90,7.8,,
2016,Psychologie,1486,93,8.5,,
2016,Information communication,386,88,8.5,,
2015,Information communication,1064,83,8.6,,
2015,Information communication,1551,88,8.6,,
2017,Information communication,1499,91,7.8,,
2017,Autres sciences humaines et sociales,1059,91,7.8,,
2017,Autres sciences humaines et sociales,47,74,7.8,,
2014,Autres sciences humaines et sociales,40,83,9.3,,
2012,Autres sciences humaines et sociales,70,87,10.1,,
2017,Autres sciences humaines et sociales,45,72,7.8,,
2013,Autres sciences humaines et sociales,28,87,9.9,,
2013,Autres sciences humaines et sociales,68,89,9.9,,
2018,Autres sciences humaines et sociales,217,90,7.8,,
2016,Autres sciences humaines et sociales,87,80,8.5,,
2015,Autres sciences humaines et sociales,377,81,8.6,,
2016,Autres sciences humaines et sociales,345,84,8.5,,
2016,Autres sciences humaines et sociales,249,85,8.5,,
2014,Autres sciences humaines et sociales,294,81,9.3,,
2018,Autres sciences humaines et sociales,343,84,7.8,,
2016,Autres sciences humaines et sociales,90,98,8.5,,
2013,Sciences de l'ingenieur,273,94,9.9,,
2018,Sciences de l'ingenieur,31,95,7.8,,
2015,Sciences de l'ingenieur,105,94,8.6,,
2017,Sciences de l'ingenieur,208,96,7.8,,
2017,Sciences de l'ingenieur,139,97,7.8,,
2012,Sciences de l'ingenieur,271,90,10.1,,
2013,Sciences de l'ingenieur,211,90,9.9,,
2013,Sciences de l'ingenieur,307,83,9.9,,
2014,Sciences de l'ingenieur,80,99,9.3,,
2014,Sciences de l'ingenieur,483,87,9.3,,
2014,Sciences de l'ingenieur,80,95,9.3,,
2018,Sciences de l'ingenieur,63,89,7.8,,
2018,Sciences de l'ingenieur,398,92,7.8,,
2016,Sciences de l'ingenieur,417,96,8.5,,
2016,Sciences de l'ingenieur,79,94,8.5,,
2015,Sciences de l'ingenieur,439,95,8.6,,
2012,Sciences de l'ingenieur,499,90,10.1,,
2017,Sciences de l'ingenieur,106,93,7.8,,
2014,Sciences de l'ingenieur,558,85,9.3,,
2012,Sciences de l'ingenieur,603,89,10.1,,
2017,Sciences de l'ingenieur,411,95,7.8,,
2017,Sciences de l'ingenieur,136,93,7.8,,
2016,Sciences de l'ingenieur,159,93,8.5,,
2017,Sciences de l'ingenieur,269,96,7.8,,
2013,Sciences de l'ingenieur,162,96,9.9,,
2014,Informatique,185,93,9.3,,
2014,Informatique,1437,94,9.3,,
2014,Informatique,1248,97,9.3,,
2016,Informatique,1503,95,8.5,,
2015,Informatique,207,93,8.6,,
2015,Autres sciences  technologies et sante,1552,90,8.6,,
2016,Autres sciences  technologies et sante,1312,92,8.5,,
2016,Autres sciences  technologies et sante,50,94,8.5,,
2016,Autres sciences  technologies et sante,50,91,8.5,,
2015,Autres sciences  technologies et sante,84,82,8.6,,
2015,Autres sciences  technologies et sante,56,79,8.6,,
2016,Autres sciences  technologies et sante,67,90,8.5,,
2013,Autres sciences  technologies et sante,67,83,9.9,,
2013,Autres sciences  technologies et sante,46,96,9.9,,
2016,Autres sciences  technologies et sante,59,97,8.5,,
2011,Autres sciences  technologies et sante,59,92,9.7,,
2014,Autres sciences  technologies et sante,196,90,9.3,,
2015,Autres sciences  technologies et sante,101,95,8.6,,
2015,Autres sciences  technologies et sante,232,92,8.6,,
2015,Autres sciences  technologies et sante,333,92,8.6,,
2018,Autres sciences  technologies et sante,106,91,7.8,,
2015,Autres sciences  technologies et sante,232,93,8.6,,
2015,Autres sciences  technologies et sante,333,94,8.6,,
2013,Autres sciences  technologies et sante,273,93,9.9,,
2014,Autres sciences  technologies et sante,138,90,9.3,,
2016,Autres sciences  technologies et sante,38,92,8.5,,
2013,Autres sciences  technologies et sante,135,87,9.9,,
2013,Autres sciences  technologies et sante,94,90,9.9,,
2017,Autres sciences  technologies et sante,49,93,7.8,,
2018,Autres sciences  technologies et sante,446,91,7.8,,
2016,Autres sciences  technologies et sante,250,89,8.5,,
2016,Autres sciences  technologies et sante,447,90,8.5,,
2016,Autres sciences  technologies et sante,447,91,8.5,,
2015,Autres sciences  technologies et sante,425,93,8.6,,
2015,Autres sciences  technologies et sante,425,89,8.6,,
2017,Autres sciences  technologies et sante,262,93,7.8,,
2017,Autres sciences  technologies et sante,677,93,7.8,,
2013,Autres sciences  technologies et sante,577,91,9.9,,
2018,Autres sciences  technologies et sante,777,93,7.8,,
2018,Autres sciences  technologies et sante,162,94,7.8,,
2014,Autres sciences  technologies et sante,118,95,9.3,,
2015,Autres sciences  technologies et sante,107,91,8.6,,
2014,Autres sciences  technologies et sante,118,93,9.3,,
2015,Autres sciences  technologies et sante,225,91,8.6,,
2017,Autres sciences  technologies et sante,105,90,7.8,,
2017,Autres sciences  technologies et sante,87,86,7.8,,
2015,Autres sciences  technologies et sante,225,93,8.6,,
2011,Autres sciences  technologies et sante,235,91,9.7,,
2016,Autres sciences  technologies et sante,211,91,8.5,,
2017,Autres sciences  technologies et sante,87,88,7.8,,
2013,Autres sciences  technologies et sante,125,93,9.9,,
2017,Autres sciences  technologies et sante,141,96,7.8,,
2014,Masters enseignement,721,98,9.3,,
2014,Masters enseignement,2863,97,9.3,,
2016,Masters enseignement,1270,98,8.5,,
2015,Masters enseignement,1067,98,8.6,,
2015,Masters enseignement,4916,98,8.6,,
2014,Masters enseignement,3588,97,9.3,,
2016,Masters enseignement,1270,99,8.5,,
2015,Masters enseignement,3847,98,8.6,,
2015,Masters enseignement,4916,98,8.6,,
2012,Masters enseignement,5024,97,10.1,,
2013,Psychologie,1220,85,9.9,,
2014,Information communication,509,86,9.3,,
2015,Information communication,481,90,8.6,,
2015,Information communication,1064,87,8.6,,
2013,Information communication,474,88,9.9,,
2013,Information communication,474,87,9.9,,
2015,Autres sciences humaines et sociales,741,88,8.6,,
2014,Autres sciences humaines et sociales,86,71,9.3,,
2018,Autres sciences humaines et sociales,86,76,7.8,,
2013,Autres sciences humaines et sociales,75,64,9.9,,
2018,Autres sciences humaines et sociales,42,82,7.8,,
2015,Autres sciences humaines et sociales,30,63,8.6,,
2015,Autres sciences humaines et sociales,51,80,8.6,,
2016,Autres sciences humaines et sociales,30,77,8.5,,
2018,Autres sciences humaines et sociales,33,85,7.8,,
2018,Autres sciences humaines et sociales,188,90,7.8,,
2016,Autres sciences humaines et sociales,184,87,8.5,,
2016,Autres sciences humaines et sociales,160,90,8.5,,
2015,Autres sciences humaines et sociales,193,89,8.6,,
2012,Autres sciences humaines et sociales,211,89,10.1,,
2013,Autres sciences humaines et sociales,158,90,9.9,,
2018,Autres sciences humaines et sociales,96,80,7.8,,
2018,Autres sciences humaines et sociales,101,85,7.8,,
2018,Autres sciences humaines et sociales,343,84,7.8,,
2014,Autres sciences humaines et sociales,384,86,9.3,,
2017,Autres sciences humaines et sociales,318,89,7.8,,
2017,Autres sciences humaines et sociales,99,91,7.8,,
2017,Autres sciences humaines et sociales,417,85,7.8,,
2013,Autres sciences humaines et sociales,314,83,9.9,,
2018,Autres sciences humaines et sociales,444,84,7.8,,
2017,Sciences de la vie et de la terre,2906,89,7.8,,
2017,Sciences de la vie et de la terre,2906,85,7.8,,
2018,Sciences de la vie et de la terre,3011,89,7.8,,
2014,Sciences de la vie et de la terre,1100,89,9.3,,
2015,Sciences de la vie et de la terre,1044,83,8.6,,
2015,Sciences de la vie et de la terre,1585,86,8.6,,
2012,Sciences de la vie et de la terre,1442,81,10.1,,
2016,Sciences de la vie et de la terre,1875,89,8.5,,
2017,Sciences de la vie et de la terre,1437,91,7.8,,
2015,Sciences de la vie et de la terre,1044,86,8.6,,
2013,Sciences de la vie et de la terre,1485,86,9.9,,
2018,Sciences de la vie et de la terre,358,84,7.8,,
2018,Sciences de la vie et de la terre,285,84,7.8,,
2016,Sciences de la vie et de la terre,757,86,8.5,,
2012,Sciences de la vie et de la terre,731,83,10.1,,
2018,Sciences de la vie et de la terre,644,86,7.8,,
2013,Sciences de la vie et de la terre,399,81,9.9,,
2013,Sciences de la vie et de la terre,399,71,9.9,,
2013,Sciences de la vie et de la terre,414,73,9.9,,
2014,Sciences de la vie et de la terre,53,79,9.3,,
2016,Sciences de la vie et de la terre,32,94,8.5,,
2017,Sciences de la vie et de la terre,32,64,7.8,,
2018,Sciences fondamentales,1321,90,7.8,,
2014,Sciences fondamentales,1127,84,9.3,,
2014,Sciences fondamentales,544,86,9.3,,
2014,Sciences fondamentales,340,87,9.3,,
2014,Sciences fondamentales,203,83,9.3,,
2016,Sciences fondamentales,218,92,8.5,,
2016,Sciences fondamentales,576,91,8.5,,
2018,Sciences fondamentales,643,88,7.8,,
2017,Sciences fondamentales,250,85,7.8,,
2018,Sciences fondamentales,170,92,7.8,,
2016,Sciences fondamentales,34,83,8.5,,
2015,Sciences fondamentales,247,85,8.6,,
2018,Sciences fondamentales,170,90,7.8,,
2015,Sciences fondamentales,247,90,8.6,,
2016,Sciences fondamentales,34,89,8.5,,
2013,Sciences fondamentales,202,90,9.9,,
2013,Sciences fondamentales,274,91,9.9,,
2013,Sciences fondamentales,70,90,9.9,,
2014,Sciences fondamentales,36,95,9.3,,
2014,Sciences fondamentales,31,87,9.3,,
2015,Sciences fondamentales,53,85,8.6,,
2017,Sciences fondamentales,61,91,7.8,,
2014,Sciences fondamentales,264,94,9.3,,
2018,Sciences fondamentales,361,95,7.8,,
2016,Sciences fondamentales,70,99,8.5,,
2016,Sciences fondamentales,55,98,8.5,,
2017,Sciences fondamentales,76,95,7.8,,
2013,Sciences fondamentales,50,98,9.9,,
2013,Sciences fondamentales,33,100,9.9,,
2017,Sciences fondamentales,49,97,7.8,,
2014,Sciences de l'ingenieur,1923,93,9.3,,
2012,Sciences de l'ingenieur,233,87,10.1,,
2017,Sciences de l'ingenieur,205,94,7.8,,
2016,Sciences de l'ingenieur,273,96,8.5,,
2014,Sciences de l'ingenieur,267,91,9.3,,
2016,Droit,3062,94,8.5,,
2015,Droit,2770,88,8.6,,
2017,Droit,3137,94,7.8,,
2017,Droit,3137,91,7.8,,
2013,Droit,2491,91,9.9,,
2013,Droit,1729,86,9.9,,
2016,Droit,466,90,8.5,,
2016,Droit,201,89,8.5,,
2015,Droit,197,87,8.6,,
2013,Droit,121,83,9.9,,
2014,economie,1440,91,9.3,,
2014,economie,697,86,9.3,,
2015,economie,717,87,8.6,,
2013,economie,738,85,9.9,,
2017,economie,759,92,7.8,,
2016,Gestion,3020,92,8.5,,
2014,Gestion,2941,91,9.3,,
2017,Gestion,7069,93,7.8,,
2012,Gestion,6331,93,10.1,,
2017,Gestion,3998,94,7.8,,
2013,Gestion,2901,89,9.9,,
2013,Gestion,3740,92,9.9,,
2018,Autres formations juridiques  economiques et de gestion,56,86,7.8,,
2015,Autres formations juridiques  economiques et de gestion,197,92,8.6,,
2016,Autres formations juridiques  economiques et de gestion,179,89,8.5,,
2015,Autres formations juridiques  economiques et de gestion,197,88,8.6,,
2017,Autres formations juridiques  economiques et de gestion,219,87,7.8,,
2018,Autres formations juridiques  economiques et de gestion,56,95,7.8,,
2013,Autres formations juridiques  economiques et de gestion,529,87,9.9,,
2016,Autres formations juridiques  economiques et de gestion,32,84,8.5,,
2013,Autres formations juridiques  economiques et de gestion,67,92,9.9,,
2016,Autres formations juridiques  economiques et de gestion,153,92,8.5,,
2014,Autres formations juridiques  economiques et de gestion,472,96,9.3,,
2014,Autres formations juridiques  economiques et de gestion,229,97,9.3,,
2018,Autres formations juridiques  economiques et de gestion,243,93,7.8,,
2018,Autres formations juridiques  economiques et de gestion,110,93,7.8,,
2016,Autres formations juridiques  economiques et de gestion,186,97,8.5,,
2017,Autres formations juridiques  economiques et de gestion,171,97,7.8,,
2013,Autres formations juridiques  economiques et de gestion,352,93,9.9,,
2013,Autres formations juridiques  economiques et de gestion,173,92,9.9,,
2018,Lettres  langues  arts,2832,84,7.8,,
2014,Lettres  langues  arts,2622,82,9.3,,
2016,Lettres  langues  arts,2566,83,8.5,,
2015,Lettres  langues  arts,558,80,8.6,,
2015,Lettres  langues  arts,2634,82,8.6,,
2016,Lettres  langues  arts,560,84,8.5,,
2017,Lettres  langues  arts,2520,84,7.8,,
2017,Lettres  langues  arts,533,83,7.8,,
2012,Lettres  langues  arts,2564,86,10.1,,
2017,Lettres  langues  arts,1980,85,7.8,,
2013,Lettres  langues  arts,2065,83,9.9,,
2014,Lettres  langues  arts,628,81,9.3,,
2014,Lettres  langues  arts,458,76,9.3,,
2016,Lettres  langues  arts,479,79,8.5,,
2015,Lettres  langues  arts,526,79,8.6,,
2011,Lettres  langues  arts,560,80,9.7,,
2018,Lettres  langues  arts,207,78,7.8,,
2017,Lettres  langues  arts,541,84,7.8,,
2016,Autres formations juridiques  economiques et de gestion,153,89,8.5,,
2016,Autres formations juridiques  economiques et de gestion,56,95,8.5,,
2018,Autres formations juridiques  economiques et de gestion,133,93,7.8,,
2014,Lettres  langues  arts,63,88,9.3,,
2016,Lettres  langues  arts,48,96,8.5,,
2012,Autres formations juridiques  economiques et de gestion,479,87,10.1,,
2018,Autres formations juridiques  economiques et de gestion,243,93,7.8,,
2012,Lettres  langues  arts,95,90,10.1,,
2015,Autres formations juridiques  economiques et de gestion,219,95,8.6,,
2017,Lettres  langues  arts,64,92,7.8,,
2012,Autres formations juridiques  economiques et de gestion,479,85,10.1,,
2013,Lettres  langues  arts,66,91,9.9,,
2014,Lettres  langues  arts,2070,88,9.3,,
2014,Lettres  langues  arts,329,90,9.3,,
2016,Lettres  langues  arts,246,84,8.5,,
2016,Lettres  langues  arts,76,87,8.5,,
2017,Lettres  langues  arts,533,82,7.8,,
2015,Lettres  langues  arts,209,86,8.6,,
2017,Lettres  langues  arts,71,80,7.8,,
2014,Lettres  langues  arts,458,82,9.3,,
2013,Lettres  langues  arts,348,87,9.9,,
2014,Lettres  langues  arts,198,81,9.3,,
2017,Lettres  langues  arts,153,82,7.8,,
2012,Lettres  langues  arts,216,89,10.1,,
2015,Lettres  langues  arts,192,78,8.6,,
2013,Lettres  langues  arts,220,87,9.9,,
2017,Lettres  langues  arts,125,82,7.8,,
2016,Lettres  langues  arts,648,80,8.5,,
2014,Lettres  langues  arts,144,84,9.3,,
2016,Lettres  langues  arts,479,81,8.5,,
2016,Lettres  langues  arts,561,84,8.5,,
2017,Lettres  langues  arts,394,85,7.8,,
2015,Lettres  langues  arts,154,81,8.6,,
2012,Lettres  langues  arts,525,79,10.1,,
2017,Lettres  langues  arts,867,89,7.8,,
2017,Lettres  langues  arts,165,86,7.8,,
2013,Lettres  langues  arts,461,76,9.9,,
2015,Lettres  langues  arts,563,90,8.6,,
2013,Lettres  langues  arts,138,87,9.9,,
2014,Lettres  langues  arts,48,87,9.3,,
2016,Lettres  langues  arts,27,78,8.5,,
2012,Lettres  langues  arts,89,87,10.1,,
2013,Lettres  langues  arts,70,83,9.9,,
2014,Lettres  langues  arts,156,85,9.3,,
2018,Lettres  langues  arts,195,87,7.8,,
2018,Lettres  langues  arts,195,90,7.8,,
2018,Lettres  langues  arts,32,93,7.8,,
2015,Lettres  langues  arts,31,84,8.6,,
2017,Lettres  langues  arts,192,88,7.8,,
2018,Lettres  langues  arts,32,90,7.8,,
2013,Lettres  langues  arts,175,91,9.9,,
2018,Lettres  langues  arts,117,86,7.8,,
2014,Lettres  langues  arts,116,90,9.3,,
2016,Lettres  langues  arts,124,95,8.5,,
2015,Lettres  langues  arts,108,94,8.6,,
2017,Lettres  langues  arts,97,93,7.8,,
2012,Lettres  langues  arts,135,82,10.1,,
2013,Lettres  langues  arts,115,86,9.9,,
2017,Lettres  langues  arts,97,91,7.8,,
2013,Lettres  langues  arts,115,84,9.9,,
2018,Lettres  langues  arts,129,80,7.8,,
2014,Lettres  langues  arts,115,89,9.3,,
2014,Lettres  langues  arts,157,87,9.3,,
2014,Lettres  langues  arts,31,85,9.3,,
2018,Lettres  langues  arts,32,78,7.8,,
2014,Lettres  langues  arts,126,88,9.3,,
2016,Lettres  langues  arts,35,75,8.5,,
2015,Lettres  langues  arts,39,78,8.6,,
2012,Lettres  langues  arts,136,85,10.1,,
2016,Lettres  langues  arts,114,83,8.5,,
2016,Lettres  langues  arts,149,81,8.5,,
2013,Lettres  langues  arts,149,87,9.9,,
2017,Lettres  langues  arts,92,83,7.8,,
2014,Lettres  langues  arts,80,91,9.3,,
2018,Lettres  langues  arts,64,97,7.8,,
2018,Lettres  langues  arts,54,98,7.8,,
2015,Lettres  langues  arts,78,95,8.6,,
2015,Lettres  langues  arts,67,88,8.6,,
2011,Lettres  langues  arts,62,91,9.7,,
2018,Lettres  langues  arts,286,84,7.8,,
2014,Lettres  langues  arts,67,92,9.3,,
2018,Lettres  langues  arts,102,84,7.8,,
2015,Lettres  langues  arts,50,91,8.6,,
2012,Lettres  langues  arts,366,86,10.1,,
2018,Lettres  langues  arts,102,84,7.8,,
2016,Lettres  langues  arts,246,88,8.5,,
2013,Lettres  langues  arts,348,85,9.9,,
2013,Lettres  langues  arts,81,84,9.9,,
2017,Lettres  langues  arts,71,86,7.8,,
2014,Lettres  langues  arts,177,90,9.3,,
2018,Lettres  langues  arts,99,85,7.8,,
2016,Lettres  langues  arts,36,80,8.5,,
2015,Lettres  langues  arts,207,78,8.6,,
2016,Lettres  langues  arts,155,87,8.5,,
2017,Lettres  langues  arts,153,90,7.8,,
2012,Lettres  langues  arts,216,87,10.1,,
2013,Lettres  langues  arts,187,87,9.9,,
2018,Lettres  langues  arts,759,88,7.8,,
2014,Lettres  langues  arts,568,87,9.3,,
2015,Lettres  langues  arts,563,84,8.6,,
2016,Lettres  langues  arts,711,88,8.5,,
2017,Lettres  langues  arts,702,86,7.8,,
2018,Lettres  langues  arts,955,86,7.8,,
2014,Lettres  langues  arts,37,86,9.3,,
2012,Lettres  langues  arts,89,87,10.1,,
2013,Lettres  langues  arts,70,88,9.9,,
2014,Lettres  langues  arts,191,84,9.3,,
2018,Lettres  langues  arts,227,91,7.8,,
2014,Lettres  langues  arts,156,88,9.3,,
2016,Lettres  langues  arts,38,87,8.5,,
2015,Lettres  langues  arts,171,87,8.6,,
2017,Lettres  langues  arts,192,87,7.8,,
2014,Lettres  langues  arts,144,91,9.3,,
2014,Lettres  langues  arts,144,83,9.3,,
2015,Lettres  langues  arts,108,87,8.6,,
2011,Lettres  langues  arts,133,88,9.7,,
2018,Lettres  langues  arts,157,76,7.8,,
2018,Lettres  langues  arts,129,73,7.8,,
2014,Lettres  langues  arts,97,86,9.3,,
2014,Lettres  langues  arts,115,86,9.3,,
2017,Lettres  langues  arts,34,82,7.8,,
2012,Lettres  langues  arts,130,80,10.1,,
2017,Lettres  langues  arts,100,90,7.8,,
2013,Lettres  langues  arts,116,78,9.9,,
2017,Lettres  langues  arts,100,92,7.8,,
2018,Lettres  langues  arts,111,88,7.8,,
2016,Lettres  langues  arts,149,83,8.5,,
2015,Lettres  langues  arts,156,83,8.6,,
2017,Lettres  langues  arts,92,88,7.8,,
2018,Lettres  langues  arts,143,81,7.8,,
2016,Histoire-geographie,1055,80,8.5,,
2017,Histoire-geographie,1034,81,7.8,,
2017,Histoire-geographie,395,82,7.8,,
2012,Histoire-geographie,562,76,10.1,,
2013,Histoire-geographie,331,80,9.9,,
2017,Histoire-geographie,395,78,7.8,,
2016,Histoire-geographie,272,85,8.5,,
2012,Histoire-geographie,538,77,10.1,,
2014,Psychologie,158,91,9.3,,
2016,Psychologie,206,84,8.5,,
2013,Psychologie,1366,89,9.9,,
2017,Information communication,1499,87,7.8,,
2013,Information communication,1063,82,9.9,,
2018,Information communication,1521,84,7.8,,
2014,Autres sciences humaines et sociales,1944,85,9.3,,
2015,Autres sciences humaines et sociales,1913,82,8.6,,
2015,Autres sciences humaines et sociales,1913,86,8.6,,
2014,Autres sciences humaines et sociales,732,80,9.3,,
2018,Autres sciences humaines et sociales,510,88,7.8,,
2016,Autres sciences humaines et sociales,465,87,8.5,,
2013,Autres sciences humaines et sociales,323,85,9.9,,
2017,Autres sciences humaines et sociales,657,86,7.8,,
2018,Autres sciences humaines et sociales,50,69,7.8,,
2018,Autres sciences humaines et sociales,36,76,7.8,,
2016,Autres sciences humaines et sociales,101,77,8.5,,
2013,Autres sciences humaines et sociales,118,68,9.9,,
2014,Autres sciences humaines et sociales,69,85,9.3,,
2014,Autres sciences humaines et sociales,191,87,9.3,,
2014,Autres sciences humaines et sociales,103,84,9.3,,
2014,Autres sciences humaines et sociales,291,79,9.3,,
2014,Autres sciences humaines et sociales,401,80,9.3,,
2014,Autres sciences humaines et sociales,103,86,9.3,,
2017,Autres sciences humaines et sociales,220,90,7.8,,
2013,Autres sciences humaines et sociales,274,81,9.9,,
2018,Autres sciences humaines et sociales,379,81,7.8,,
2016,Autres sciences humaines et sociales,268,85,8.5,,
2016,Autres sciences humaines et sociales,358,85,8.5,,
2015,Autres sciences humaines et sociales,85,90,8.6,,
2015,Autres sciences humaines et sociales,374,83,8.6,,
2015,Autres sciences humaines et sociales,374,85,8.6,,
2014,Histoire-geographie,1067,76,9.3,,
2016,Histoire-geographie,1055,83,8.5,,
2014,Histoire-geographie,365,82,9.3,,
2018,Histoire-geographie,200,73,7.8,,
2015,Histoire-geographie,166,75,8.6,,
2016,Histoire-geographie,490,75,8.5,,
2017,Histoire-geographie,578,78,7.8,,
2017,Histoire-geographie,183,77,7.8,,
2018,Histoire-geographie,225,89,7.8,,
2016,Histoire-geographie,565,84,8.5,,
2015,Histoire-geographie,278,78,8.6,,
2015,Histoire-geographie,574,79,8.6,,
2012,Histoire-geographie,538,84,10.1,,
2013,Histoire-geographie,241,85,9.9,,
2016,Psychologie,1279,93,8.5,,
2017,Psychologie,1501,94,7.8,,
2013,Information communication,1561,83,9.9,,
2016,Autres sciences humaines et sociales,1933,85,8.5,,
2017,Autres sciences humaines et sociales,2114,85,7.8,,
2014,Autres sciences humaines et sociales,425,82,9.3,,
2018,Autres sciences humaines et sociales,510,88,7.8,,
2017,Autres sciences humaines et sociales,657,89,7.8,,
2017,Autres sciences humaines et sociales,402,89,7.8,,
2013,Autres sciences humaines et sociales,445,77,9.9,,
2016,Autres sciences humaines et sociales,43,67,8.5,,
2016,Autres sciences humaines et sociales,144,74,8.5,,
2014,Autres sciences humaines et sociales,31,64,9.3,,
2016,Autres sciences humaines et sociales,144,77,8.5,,
2013,Autres sciences humaines et sociales,118,68,9.9,,
2018,Autres sciences humaines et sociales,75,84,7.8,,
2014,Autres sciences humaines et sociales,40,84,9.3,,
2018,Autres sciences humaines et sociales,33,87,7.8,,
2016,Autres sciences humaines et sociales,29,87,8.5,,
2016,Autres sciences humaines et sociales,30,80,8.5,,
2013,Autres sciences humaines et sociales,40,88,9.9,,
2018,Autres sciences humaines et sociales,75,83,7.8,,
2018,Autres sciences humaines et sociales,188,90,7.8,,
2014,Autres sciences humaines et sociales,191,89,9.3,,
2016,Autres sciences humaines et sociales,160,86,8.5,,
2017,Autres sciences humaines et sociales,32,97,7.8,,
2017,Autres sciences humaines et sociales,171,88,7.8,,
2014,Autres sciences humaines et sociales,291,84,9.3,,
2016,Autres sciences humaines et sociales,249,82,8.5,,
2015,Autres sciences humaines et sociales,287,81,8.6,,
2011,Autres sciences humaines et sociales,426,84,9.7,,
2015,Autres sciences humaines et sociales,287,84,8.6,,
2018,Autres sciences humaines et sociales,96,74,7.8,,
2012,Autres sciences humaines et sociales,367,77,10.1,,
2017,Autres sciences humaines et sociales,72,81,7.8,,
2013,Autres sciences humaines et sociales,377,80,9.9,,
2014,Autres sciences humaines et sociales,78,81,9.3,,
2014,Autres sciences humaines et sociales,294,87,9.3,,
2015,Autres sciences humaines et sociales,289,82,8.6,,
2015,Autres sciences humaines et sociales,85,83,8.6,,
2018,Autres sciences humaines et sociales,101,84,7.8,,
2012,Autres sciences humaines et sociales,326,83,10.1,,
2013,Autres sciences humaines et sociales,396,85,9.9,,
2011,Sciences de l'ingenieur,342,94,9.7,,
2016,Sciences de l'ingenieur,58,98,8.5,,
2017,Sciences de l'ingenieur,50,100,7.8,,
2013,Sciences de l'ingenieur,71,88,9.9,,
2013,Sciences de l'ingenieur,345,92,9.9,,
2013,Sciences de l'ingenieur,345,93,9.9,,
2018,Sciences de l'ingenieur,258,97,7.8,,
2018,Sciences de l'ingenieur,117,94,7.8,,
2014,Sciences de l'ingenieur,100,87,9.3,,
2018,Sciences de l'ingenieur,31,76,7.8,,
2016,Sciences de l'ingenieur,283,90,8.5,,
2015,Sciences de l'ingenieur,215,95,8.6,,
2015,Sciences de l'ingenieur,105,88,8.6,,
2016,Sciences de l'ingenieur,78,97,8.5,,
2017,Sciences de l'ingenieur,208,91,7.8,,
2013,Sciences de l'ingenieur,96,78,9.9,,
2013,Sciences de l'ingenieur,307,89,9.9,,
2018,Sciences de l'ingenieur,85,93,7.8,,
2018,Sciences de l'ingenieur,335,93,7.8,,
2016,Sciences de l'ingenieur,417,91,8.5,,
2015,Sciences de l'ingenieur,64,89,8.6,,
2015,Sciences de l'ingenieur,375,90,8.6,,
2017,Sciences de l'ingenieur,448,94,7.8,,
2018,Sciences de l'ingenieur,335,88,7.8,,
2013,Sciences de l'ingenieur,398,90,9.9,,
2013,Sciences de l'ingenieur,398,87,9.9,,
2018,Sciences de l'ingenieur,125,88,7.8,,
2014,Sciences de l'ingenieur,357,93,9.3,,
2016,Sciences de l'ingenieur,376,92,8.5,,
2015,Sciences de l'ingenieur,346,95,8.6,,
2015,Sciences de l'ingenieur,346,89,8.6,,
2011,Sciences de l'ingenieur,568,91,9.7,,
2015,Sciences de l'ingenieur,536,95,8.6,,
2012,Sciences de l'ingenieur,603,94,10.1,,
2018,Sciences de l'ingenieur,264,89,7.8,,
2013,Sciences de l'ingenieur,534,93,9.9,,
2017,Sciences de l'ingenieur,136,94,7.8,,
2014,Informatique,185,95,9.3,,
2018,Informatique,1737,96,7.8,,
2015,Informatique,1527,96,8.6,,
2016,Informatique,1503,97,8.5,,
2012,Informatique,1399,95,10.1,,
2017,Informatique,1573,97,7.8,,
2016,Informatique,194,96,8.5,,
2017,Informatique,1363,97,7.8,,
2013,Informatique,193,92,9.9,,
2013,Informatique,1419,95,9.9,,
2018,Autres sciences  technologies et sante,1542,92,7.8,,
2016,Autres sciences  technologies et sante,1312,91,8.5,,
2014,Autres sciences  technologies et sante,65,82,9.3,,
2014,Autres sciences  technologies et sante,48,76,9.3,,
2015,Autres sciences  technologies et sante,84,94,8.6,,
2017,Autres sciences  technologies et sante,30,97,7.8,,
2016,Autres sciences  technologies et sante,54,97,8.5,,
2015,Autres sciences  technologies et sante,33,94,8.6,,
2012,Autres sciences  technologies et sante,37,97,10.1,,
2015,Sciences de l'ingenieur,62,98,8.6,,
2017,Sciences de l'ingenieur,309,96,7.8,,
2013,Autres sciences  technologies et sante,34,100,9.9,,
2017,Sciences de l'ingenieur,50,94,7.8,,
2018,Autres sciences  technologies et sante,185,91,7.8,,
2014,Sciences de l'ingenieur,320,85,9.3,,
2014,Autres sciences  technologies et sante,196,91,9.3,,
2014,Sciences de l'ingenieur,320,90,9.3,,
2018,Autres sciences  technologies et sante,79,91,7.8,,
2018,Sciences de l'ingenieur,85,95,7.8,,
2016,Autres sciences  technologies et sante,146,91,8.5,,
2014,Sciences de l'ingenieur,219,90,9.3,,
2015,Autres sciences  technologies et sante,101,93,8.6,,
2016,Sciences de l'ingenieur,205,96,8.5,,
2012,Autres sciences  technologies et sante,293,91,10.1,,
2015,Sciences de l'ingenieur,320,91,8.6,,
2013,Autres sciences  technologies et sante,199,93,9.9,,
2015,Sciences de l'ingenieur,215,93,8.6,,
2017,Autres sciences  technologies et sante,53,94,7.8,,
2016,Sciences de l'ingenieur,283,96,8.5,,
2013,Autres sciences  technologies et sante,72,85,9.9,,
2014,Autres sciences  technologies et sante,138,91,9.3,,
2017,Sciences de l'ingenieur,69,87,7.8,,
2018,Autres sciences  technologies et sante,29,87,7.8,,
2014,Sciences de l'ingenieur,403,92,9.3,,
2012,Autres sciences  technologies et sante,125,88,10.1,,
2015,Autres sciences  technologies et sante,137,89,8.6,,
2015,Sciences de l'ingenieur,64,97,8.6,,
2015,Autres sciences  technologies et sante,93,89,8.6,,
2018,Sciences de l'ingenieur,63,82,7.8,,
2016,Autres sciences  technologies et sante,97,95,8.5,,
2012,Sciences de l'ingenieur,499,93,10.1,,
2013,Sciences de l'ingenieur,57,98,9.9,,
2018,Sciences de l'ingenieur,398,87,7.8,,
2018,Autres sciences  technologies et sante,777,91,7.8,,
2013,Sciences de l'ingenieur,456,88,9.9,,
2014,Autres sciences  technologies et sante,378,94,9.3,,
2018,Sciences de l'ingenieur,389,88,7.8,,
2014,Autres sciences  technologies et sante,227,86,9.3,,
2014,Sciences de l'ingenieur,182,94,9.3,,
2016,Autres sciences  technologies et sante,250,91,8.5,,
2018,Sciences de l'ingenieur,264,88,7.8,,
2018,Sciences de l'ingenieur,125,87,7.8,,
2013,Autres sciences  technologies et sante,577,93,9.9,,
2016,Sciences de l'ingenieur,536,94,8.5,,
2013,Autres sciences  technologies et sante,230,89,9.9,,
2013,Sciences de l'ingenieur,162,87,9.9,,
2018,Autres sciences  technologies et sante,446,92,7.8,,
2017,Sciences de l'ingenieur,411,95,7.8,,
2013,Autres sciences  technologies et sante,346,93,9.9,,
2018,Informatique,1737,95,7.8,,
2018,Autres sciences  technologies et sante,81,91,7.8,,
2011,Informatique,1312,96,9.7,,
2014,Autres sciences  technologies et sante,235,95,9.3,,
2017,Informatique,1363,97,7.8,,
2014,Autres sciences  technologies et sante,116,94,9.3,,
2015,Informatique,1527,97,8.6,,
2016,Autres sciences  technologies et sante,84,93,8.5,,
2015,Autres sciences  technologies et sante,107,95,8.6,,
2017,Informatique,1573,97,7.8,,
2012,Autres sciences  technologies et sante,255,91,10.1,,
2013,Autres sciences  technologies et sante,101,91,9.9,,
2014,Autres sciences  technologies et sante,1393,89,9.3,,
2017,Autres sciences  technologies et sante,192,90,7.8,,
2015,Autres sciences  technologies et sante,1552,93,8.6,,
2013,Autres sciences  technologies et sante,101,94,9.9,,
2017,Autres sciences  technologies et sante,1274,91,7.8,,
2018,Autres sciences  technologies et sante,250,94,7.8,,
2018,Autres sciences  technologies et sante,330,94,7.8,,
2016,Autres sciences  technologies et sante,67,95,8.5,,
2012,Autres sciences  technologies et sante,102,79,10.1,,
2012,Autres sciences  technologies et sante,102,92,10.1,,
2013,Autres sciences  technologies et sante,46,84,9.9,,
2013,Autres sciences  technologies et sante,67,95,9.9,,
2014,Autres sciences  technologies et sante,44,99,9.3,,
2018,Autres sciences  technologies et sante,31,92,7.8,,
2015,Autres sciences  technologies et sante,33,100,8.6,,
2017,Autres sciences  technologies et sante,36,97,7.8,,
2013,Autres sciences  technologies et sante,46,100,9.9,,
2014,Autres sciences  technologies et sante,258,90,9.3,,
2016,Autres sciences  technologies et sante,40,98,8.5,,
2016,Autres sciences  technologies et sante,40,89,8.5,,
2017,Autres sciences  technologies et sante,78,92,7.8,,
2017,Autres sciences  technologies et sante,53,89,7.8,,
2013,Autres sciences  technologies et sante,199,90,9.9,,
2014,Autres sciences  technologies et sante,42,95,9.3,,
2014,Autres sciences  technologies et sante,96,90,9.3,,
2015,Autres sciences  technologies et sante,44,89,8.6,,
2016,Autres sciences  technologies et sante,38,95,8.5,,
2016,Autres sciences  technologies et sante,97,95,8.5,,
2015,Autres sciences  technologies et sante,93,91,8.6,,
2016,Autres sciences  technologies et sante,59,96,8.5,,
2017,Autres sciences  technologies et sante,67,92,7.8,,
2017,Autres sciences  technologies et sante,67,92,7.8,,
2014,Autres sciences  technologies et sante,605,87,9.3,,
2015,Autres sciences  technologies et sante,685,89,8.6,,
2015,Autres sciences  technologies et sante,260,88,8.6,,
2012,Autres sciences  technologies et sante,616,89,10.1,,
2013,Autres sciences  technologies et sante,346,93,9.9,,
2013,Autres sciences  technologies et sante,230,93,9.9,,
2017,Autres sciences  technologies et sante,677,90,7.8,,
2014,Autres sciences  technologies et sante,235,92,9.3,,
2014,Autres sciences  technologies et sante,116,90,9.3,,
2016,Autres sciences  technologies et sante,127,90,8.5,,
2015,Autres sciences  technologies et sante,118,87,8.6,,
2018,Autres sciences  technologies et sante,81,95,7.8,,
2017,Autres sciences  technologies et sante,105,91,7.8,,
2013,Autres sciences  technologies et sante,227,92,9.9,,
2013,Autres sciences  technologies et sante,125,94,9.9,,
2018,Autres sciences  technologies et sante,330,89,7.8,,
2016,Autres sciences  technologies et sante,35,92,8.5,,
2015,Autres sciences  technologies et sante,55,87,8.6,,
2012,Autres sciences  technologies et sante,47,79,10.1,,
2018,Autres sciences  technologies et sante,80,89,7.8,,
2013,Autres sciences  technologies et sante,51,94,9.9,,
2013,Autres sciences  technologies et sante,38,95,9.9,,
2014,Masters enseignement,3588,97,9.3,,
2013,Masters enseignement,3306,97,9.9,,
2015,Masters enseignement,3847,98,8.6,,
2015,Masters enseignement,1067,98,8.6,,
2017,Masters enseignement,4540,98,7.8,,
2013,Masters enseignement,856,98,9.9,,
2017,Masters enseignement,1387,97,7.8,,
2018,Masters enseignement,1521,98,7.8,,
2015,Autres sciences  technologies et sante,55,92,8.6,,
2017,Autres sciences  technologies et sante,141,94,7.8,,
2017,Autres sciences  technologies et sante,114,95,7.8,,
2018,Autres sciences  technologies et sante,250,89,7.8,,
2017,Autres sciences  technologies et sante,114,96,7.8,,
2013,Masters enseignement,4177,97,9.9,,
2018,Masters enseignement,4957,98,7.8,,
2016,Masters enseignement,5681,98,8.5,,
2016,Masters enseignement,4411,98,8.5,,
2014,Masters enseignement,2863,97,9.3,,
2016,Masters enseignement,5681,99,8.5,,
2013,Masters enseignement,3306,98,9.9,,
2018,Masters enseignement,4957,98,7.8,,
2017,Masters enseignement,5927,98,7.8,,
2011,Masters enseignement : premier degre,2388,98,9.7,,
2011,Masters enseignement : second degre  CPE...,3694,96,9.7,,
2018,Psychologie,1571,94,7.8,,
2017,Psychologie,1314,90,7.8,,
2013,Psychologie,140,79,9.9,,
2014,Information communication,509,90,9.3,,
2016,Information communication,386,86,8.5,,
2014,Autres sciences humaines et sociales,1944,81,9.3,,
2011,Autres sciences humaines et sociales,786,87,9.7,,
2017,Autres sciences humaines et sociales,71,78,7.8,,
2012,Autres sciences humaines et sociales,143,71,10.1,,
2013,Autres sciences humaines et sociales,75,72,9.9,,
2014,Autres sciences humaines et sociales,69,80,9.3,,
2018,Autres sciences humaines et sociales,42,82,7.8,,
2011,Autres sciences humaines et sociales,54,82,9.7,,
2015,Autres sciences humaines et sociales,81,78,8.6,,
2015,Autres sciences humaines et sociales,51,86,8.6,,
2013,Autres sciences humaines et sociales,68,83,9.9,,
2017,Autres sciences humaines et sociales,204,91,7.8,,
2018,Autres sciences humaines et sociales,217,91,7.8,,
2016,Autres sciences humaines et sociales,87,90,8.5,,
2016,Autres sciences humaines et sociales,268,93,8.5,,
2013,Autres sciences humaines et sociales,314,84,9.9,,
2016,Sciences de la vie et de la terre,2690,82,8.5,,
2015,Sciences de la vie et de la terre,2590,80,8.6,,
2018,Sciences de la vie et de la terre,1560,88,7.8,,
2014,Sciences de la vie et de la terre,1654,87,9.3,,
2016,Sciences de la vie et de la terre,653,81,8.5,,
2016,Sciences de la vie et de la terre,1217,87,8.5,,
2015,Sciences de la vie et de la terre,1585,82,8.6,,
2012,Sciences de la vie et de la terre,1442,85,10.1,,
2018,Sciences de la vie et de la terre,1560,91,7.8,,
2016,Sciences de la vie et de la terre,1217,89,8.5,,
2013,Sciences de la vie et de la terre,990,81,9.9,,
2013,Sciences de la vie et de la terre,1485,79,9.9,,
2014,Sciences de la vie et de la terre,864,82,9.3,,
2016,Sciences de la vie et de la terre,368,88,8.5,,
2016,Sciences de la vie et de la terre,388,77,8.5,,
2015,Sciences de la vie et de la terre,412,77,8.6,,
2015,Sciences de la vie et de la terre,850,86,8.6,,
2017,Sciences de la vie et de la terre,377,88,7.8,,
2018,Sciences de la vie et de la terre,285,83,7.8,,
2015,Sciences de la vie et de la terre,412,88,8.6,,
2017,Sciences de la vie et de la terre,738,88,7.8,,
2013,Sciences de la vie et de la terre,414,79,9.9,,
2013,Sciences de la vie et de la terre,816,72,9.9,,
2014,Sciences de la vie et de la terre,163,81,9.3,,
2015,Sciences de la vie et de la terre,61,77,8.6,,
2012,Sciences de la vie et de la terre,134,83,10.1,,
2015,Sciences de la vie et de la terre,155,84,8.6,,
2016,Sciences de la vie et de la terre,58,86,8.5,,
2013,Sciences de la vie et de la terre,84,80,9.9,,
2013,Sciences de la vie et de la terre,128,81,9.9,,
2013,Sciences de la vie et de la terre,39,80,9.9,,
2016,Sciences fondamentales,358,84,8.5,,
2014,Sciences fondamentales,203,74,9.3,,
2016,Sciences fondamentales,218,82,8.5,,
2015,Sciences fondamentales,358,84,8.6,,
2017,Sciences fondamentales,639,88,7.8,,
2013,Sciences fondamentales,575,84,9.9,,
2014,Sciences fondamentales,49,95,9.3,,
2014,Sciences fondamentales,200,82,9.3,,
2017,Sciences fondamentales,153,94,7.8,,
2016,Sciences fondamentales,186,89,8.5,,
2013,Sciences fondamentales,202,79,9.9,,
2016,Sciences fondamentales,81,76,8.5,,
2016,Sciences fondamentales,39,82,8.5,,
2017,Sciences fondamentales,89,92,7.8,,
2015,Sciences fondamentales,53,91,8.6,,
2014,Sciences fondamentales,81,97,9.3,,
2014,Sciences fondamentales,264,92,9.3,,
2014,Sciences fondamentales,81,90,9.3,,
2018,Sciences fondamentales,361,95,7.8,,
2016,Sciences fondamentales,243,92,8.5,,
2015,Sciences fondamentales,83,98,8.6,,
2012,Sciences fondamentales,295,91,10.1,,
2018,Sciences fondamentales,244,95,7.8,,
2013,Sciences fondamentales,266,90,9.9,,
2013,Sciences fondamentales,266,92,9.9,,
2013,Sciences fondamentales,163,90,9.9,,
2014,Sciences fondamentales,52,87,9.3,,
2015,Sciences fondamentales,39,93,8.6,,
2017,Sciences fondamentales,49,94,7.8,,
2018,Sciences fondamentales,32,97,7.8,,
2015,Sciences fondamentales,39,100,8.6,,
2015,Sciences de l'ingenieur,1830,92,8.6,,
2015,Sciences de l'ingenieur,1830,95,8.6,,
2018,Sciences de l'ingenieur,1411,91,7.8,,
2018,Sciences de l'ingenieur,174,96,7.8,,
2016,Sciences de l'ingenieur,194,94,8.5,,
2015,Sciences de l'ingenieur,242,95,8.6,,
2015,Sciences de l'ingenieur,221,94,8.6,,
2016,Sciences de l'ingenieur,218,95,8.5,,
2015,Sciences de l'ingenieur,242,97,8.6,,
2013,Sciences de l'ingenieur,222,93,9.9,,
2014,Sciences de l'ingenieur,54,91,9.3,,
2014,Sciences de l'ingenieur,321,93,9.3,,
2018,Sciences de l'ingenieur,258,97,7.8,,
2016,Sciences de l'ingenieur,331,96,8.5,,
2016,Sciences de l'ingenieur,58,96,8.5,,
2015,Sciences de l'ingenieur,293,94,8.6,,
2015,Sciences de l'ingenieur,231,94,8.6,,
2015,Sciences de l'ingenieur,62,96,8.6,,
2015,Histoire-geographie,1117,84,8.6,,
2016,Histoire-geographie,149,82,8.5,,
2014,Histoire-geographie,156,74,9.3,,
2016,Histoire-geographie,341,75,8.5,,
2015,Histoire-geographie,377,77,8.6,,
2017,Histoire-geographie,183,77,7.8,,
2011,Histoire-geographie,606,85,9.7,,
2015,Histoire-geographie,574,88,8.6,,
2017,Histoire-geographie,226,91,7.8,,
2013,Histoire-geographie,241,77,9.9,,
2016,Psychologie,1279,89,8.5,,
2015,Psychologie,161,90,8.6,,
2016,Psychologie,206,90,8.5,,
2015,Psychologie,161,79,8.6,,
2015,Psychologie,1341,93,8.6,,
2014,Droit,2753,88,9.3,,
2015,Droit,852,88,8.6,,
2012,Droit,2387,91,10.1,,
2015,Droit,1918,93,8.6,,
2017,Droit,2196,94,7.8,,
2018,Droit,3409,93,7.8,,
2017,Droit,932,90,7.8,,
2017,Droit,2196,92,7.8,,
2013,Droit,744,91,9.9,,
2013,Droit,744,86,9.9,,
2018,Droit,257,81,7.8,,
2014,Droit,207,91,9.3,,
2014,Droit,349,80,9.3,,
2016,Droit,265,84,8.5,,
2016,Droit,466,84,8.5,,
2018,Droit,447,87,7.8,,
2017,Droit,219,91,7.8,,
2018,Droit,190,90,7.8,,
2017,Droit,219,84,7.8,,
2016,economie,708,89,8.5,,
2016,economie,717,88,8.5,,
2015,economie,1396,87,8.6,,
2016,economie,708,92,8.5,,
2015,economie,1396,92,8.6,,
2017,economie,816,91,7.8,,
2011,economie,1424,89,9.7,,
2015,economie,717,92,8.6,,
2017,economie,1575,92,7.8,,
2013,economie,1368,90,9.9,,
2013,economie,613,84,9.9,,
2013,economie,613,91,9.9,,
2014,Gestion,2941,95,9.3,,
2014,Gestion,6931,91,9.3,,
2015,Gestion,2986,91,8.6,,
2017,Gestion,3065,93,7.8,,
2013,Gestion,6735,89,9.9,,
2016,Autres formations juridiques  economiques et de gestion,1362,92,8.5,,
2016,Autres formations juridiques  economiques et de gestion,1362,88,8.5,,
2017,Autres formations juridiques  economiques et de gestion,1384,92,7.8,,
2014,Autres formations juridiques  economiques et de gestion,366,89,9.3,,
2014,Autres formations juridiques  economiques et de gestion,576,84,9.3,,
2018,Autres formations juridiques  economiques et de gestion,138,89,7.8,,
2014,Autres formations juridiques  economiques et de gestion,207,94,9.3,,
2018,Autres formations juridiques  economiques et de gestion,194,91,7.8,,
2016,Autres formations juridiques  economiques et de gestion,108,90,8.5,,
2014,Autres formations juridiques  economiques et de gestion,39,87,9.3,,
2011,Autres formations juridiques  economiques et de gestion,44,95,9.7,,
2015,Autres formations juridiques  economiques et de gestion,73,92,8.6,,
2013,Autres formations juridiques  economiques et de gestion,40,97,9.9,,
2013,Autres formations juridiques  economiques et de gestion,40,83,9.9,,
2017,Autres formations juridiques  economiques et de gestion,41,85,7.8,,
2016,Autres formations juridiques  economiques et de gestion,56,91,8.5,,
2016,Autres formations juridiques  economiques et de gestion,208,94,8.5,,
2017,Autres formations juridiques  economiques et de gestion,309,97,7.8,,
2017,Autres formations juridiques  economiques et de gestion,138,96,7.8,,
2017,Autres formations juridiques  economiques et de gestion,138,96,7.8,,
2015,Lettres  langues  arts,558,86,8.6,,
2015,Lettres  langues  arts,2634,87,8.6,,
2017,Lettres  langues  arts,2520,88,7.8,,
2013,Lettres  langues  arts,2632,82,9.9,,
2014,Lettres  langues  arts,628,76,9.3,,
2015,Lettres  langues  arts,718,81,8.6,,
2015,Lettres  langues  arts,192,79,8.6,,
2016,Lettres  langues  arts,169,82,8.5,,
2014,Lettres  langues  arts,169,76,9.3,,
2015,Lettres  langues  arts,718,79,8.6,,
2013,Lettres  langues  arts,461,84,9.9,,
2017,Lettres  langues  arts,394,80,7.8,,
2018,Histoire-geographie,637,75,7.8,,
2018,Histoire-geographie,437,80,7.8,,
2014,Histoire-geographie,529,75,9.3,,
2018,Histoire-geographie,481,87,7.8,,
2017,Histoire-geographie,226,91,7.8,,
2017,Histoire-geographie,456,86,7.8,,
2014,Psychologie,1348,93,9.3,,
2014,Psychologie,1180,93,9.3,,
2014,Information communication,1569,88,9.3,,
2012,Information communication,1458,87,10.1,,
2014,Autres sciences humaines et sociales,304,89,9.3,,
2014,Autres sciences humaines et sociales,304,77,9.3,,
2016,Autres sciences humaines et sociales,377,86,8.5,,
2015,Autres sciences humaines et sociales,328,85,8.6,,
2018,Autres sciences humaines et sociales,50,76,7.8,,
2013,Autres sciences humaines et sociales,98,78,9.9,,
2014,Sciences de la vie et de la terre,2681,85,9.3,,
2014,Sciences de la vie et de la terre,1654,81,9.3,,
2014,Sciences de la vie et de la terre,1100,84,9.3,,
2018,Sciences de la vie et de la terre,2362,87,7.8,,
2014,Sciences de la vie et de la terre,547,82,9.3,,
2016,Sciences de la vie et de la terre,653,88,8.5,,
2017,Sciences de la vie et de la terre,2115,90,7.8,,
2018,Sciences de la vie et de la terre,801,88,7.8,,
2013,Sciences de la vie et de la terre,491,75,9.9,,
2014,Sciences de la vie et de la terre,438,72,9.3,,
2014,Sciences de la vie et de la terre,864,73,9.3,,
2015,Sciences de la vie et de la terre,438,85,8.6,,
2015,Sciences de la vie et de la terre,850,75,8.6,,
2018,Sciences de la vie et de la terre,358,88,7.8,,
2017,Sciences de la vie et de la terre,361,83,7.8,,
2017,Sciences de la vie et de la terre,32,84,7.8,,
2017,Sciences de la vie et de la terre,53,84,7.8,,
2013,Sciences de la vie et de la terre,39,92,9.9,,
2016,Sciences fondamentales,1211,86,8.5,,
2017,Sciences fondamentales,1241,90,7.8,,
2018,Sciences fondamentales,259,84,7.8,,
2014,Sciences fondamentales,544,80,9.3,,
2016,Sciences fondamentales,576,83,8.5,,
2015,Sciences fondamentales,224,92,8.6,,
2017,Sciences fondamentales,389,91,7.8,,
2015,Sciences fondamentales,582,91,8.6,,
2017,Sciences fondamentales,389,89,7.8,,
2013,Sciences fondamentales,371,87,9.9,,
2014,Sciences fondamentales,151,91,9.3,,
2018,Sciences fondamentales,224,93,7.8,,
2014,Sciences fondamentales,200,92,9.3,,
2015,Sciences fondamentales,205,91,8.6,,
2015,Sciences fondamentales,42,85,8.6,,
2017,Sciences fondamentales,126,95,7.8,,
2017,Sciences fondamentales,126,88,7.8,,
2013,Sciences fondamentales,274,82,9.9,,
2014,Sciences fondamentales,31,91,9.3,,
2018,Sciences fondamentales,47,90,7.8,,
2014,Sciences fondamentales,67,93,9.3,,
2016,Sciences fondamentales,42,70,8.5,,
2016,Sciences fondamentales,39,97,8.5,,
2014,Sciences fondamentales,183,93,9.3,,
2014,Sciences fondamentales,183,92,9.3,,
2016,Sciences fondamentales,172,92,8.5,,
2015,Sciences fondamentales,240,92,8.6,,
2015,Sciences fondamentales,157,90,8.6,,
2017,Sciences fondamentales,140,95,7.8,,
2017,Sciences fondamentales,83,98,7.8,,
2015,Sciences fondamentales,240,96,8.6,,
2016,Sciences fondamentales,243,97,8.5,,
2012,Sciences fondamentales,295,93,10.1,,
2017,Sciences fondamentales,223,96,7.8,,
2018,Sciences fondamentales,115,95,7.8,,
2017,Sciences fondamentales,83,98,7.8,,
2013,Sciences fondamentales,163,88,9.9,,
2018,Sciences fondamentales,56,90,7.8,,
2011,Sciences fondamentales,52,98,9.7,,
2018,Sciences de l'ingenieur,1411,92,7.8,,
2016,Sciences de l'ingenieur,1864,95,8.5,,
2017,Sciences de l'ingenieur,1581,95,7.8,,
2017,Sciences de l'ingenieur,1581,94,7.8,,
2014,Sciences de l'ingenieur,241,92,9.3,,
2018,Sciences de l'ingenieur,187,92,7.8,,
2016,Sciences de l'ingenieur,218,93,8.5,,
2012,Sciences de l'ingenieur,233,91,10.1,,
2017,Sciences de l'ingenieur,177,97,7.8,,
2017,Sciences de l'ingenieur,205,97,7.8,,
2013,Sciences de l'ingenieur,247,89,9.9,,
2013,Sciences de l'ingenieur,222,89,9.9,,
2017,Sciences de l'ingenieur,177,94,7.8,,
2018,Sciences de l'ingenieur,62,95,7.8,,
2014,Sciences de l'ingenieur,267,94,9.3,,
2014,Sciences de l'ingenieur,54,92,9.3,,
2015,Sciences de l'ingenieur,231,96,8.6,,
2014,Droit,787,87,9.3,,
2015,Droit,1918,88,8.6,,
2017,Droit,932,94,7.8,,
2016,Droit,201,84,8.5,,
2015,Droit,344,82,8.6,,
2015,Droit,197,84,8.6,,
2017,Droit,527,91,7.8,,
2015,Droit,147,86,8.6,,
2013,Droit,121,75,9.9,,
2013,Droit,307,84,9.9,,
2018,economie,1810,90,7.8,,
2014,economie,738,91,9.3,,
2016,economie,1425,92,8.5,,
2016,economie,717,92,8.5,,
2017,economie,1575,92,7.8,,
2012,economie,1364,84,10.1,,
2018,economie,1810,92,7.8,,
2017,economie,759,93,7.8,,
2013,economie,738,89,9.9,,
2014,Gestion,3939,91,9.3,,
2014,Gestion,6931,94,9.3,,
2016,Gestion,3970,92,8.5,,
2015,Gestion,3930,91,8.6,,
2015,Gestion,6917,91,8.6,,
2011,Gestion,6108,93,9.7,,
2017,Gestion,3065,95,7.8,,
2013,Gestion,2901,94,9.9,,
2013,Gestion,6735,93,9.9,,
2017,Gestion,3998,93,7.8,,
2015,Autres formations juridiques  economiques et de gestion,1420,88,8.6,,
2018,Autres formations juridiques  economiques et de gestion,905,90,7.8,,
2017,Autres formations juridiques  economiques et de gestion,1384,90,7.8,,
2018,Autres formations juridiques  economiques et de gestion,138,87,7.8,,
2014,Autres formations juridiques  economiques et de gestion,207,85,9.3,,
2012,Autres formations juridiques  economiques et de gestion,575,82,10.1,,
2013,Autres formations juridiques  economiques et de gestion,306,84,9.9,,
2017,Autres formations juridiques  economiques et de gestion,122,90,7.8,,
2013,Autres formations juridiques  economiques et de gestion,216,82,9.9,,
2017,Autres formations juridiques  economiques et de gestion,219,91,7.8,,
2015,Autres formations juridiques  economiques et de gestion,45,87,8.6,,
2015,Autres formations juridiques  economiques et de gestion,73,89,8.6,,
2016,Autres formations juridiques  economiques et de gestion,62,85,8.5,,
2016,Autres formations juridiques  economiques et de gestion,32,84,8.5,,
2017,Autres formations juridiques  economiques et de gestion,65,91,7.8,,
2016,Autres formations juridiques  economiques et de gestion,97,88,8.5,,
2017,Autres formations juridiques  economiques et de gestion,142,90,7.8,,
2017,Autres formations juridiques  economiques et de gestion,101,90,7.8,,
2016,Autres formations juridiques  economiques et de gestion,97,90,8.5,,
2017,Autres formations juridiques  economiques et de gestion,101,89,7.8,,
2014,Autres formations juridiques  economiques et de gestion,242,96,9.3,,
2015,Autres formations juridiques  economiques et de gestion,216,94,8.6,,
2016,Autres formations juridiques  economiques et de gestion,394,96,8.5,,
2015,Autres formations juridiques  economiques et de gestion,435,94,8.6,,
2016,Autres formations juridiques  economiques et de gestion,208,96,8.5,,
2013,Autres formations juridiques  economiques et de gestion,176,93,9.9,,
2017,Autres formations juridiques  economiques et de gestion,171,96,7.8,,
2014,Lettres  langues  arts,544,81,9.3,,
2017,Lettres  langues  arts,1980,89,7.8,,
2013,Lettres  langues  arts,2632,87,9.9,,
2014,Lettres  langues  arts,169,78,9.3,,
2016,Lettres  langues  arts,648,80,8.5,,
2012,Lettres  langues  arts,525,82,10.1,,
2017,Lettres  langues  arts,541,80,7.8,,
2012,Lettres  langues  arts,95,93,10.1,,
2018,Lettres  langues  arts,64,97,7.8,,
2018,Lettres  langues  arts,286,84,7.8,,
2018,Lettres  langues  arts,388,84,7.8,,
2016,Lettres  langues  arts,322,83,8.5,,
2011,Lettres  langues  arts,419,90,9.7,,
2018,Lettres  langues  arts,388,84,7.8,,
2018,Lettres  langues  arts,119,89,7.8,,
2017,Lettres  langues  arts,125,90,7.8,,
2013,Lettres  langues  arts,33,80,9.9,,
2018,Lettres  langues  arts,759,87,7.8,,
2018,Lettres  langues  arts,196,84,7.8,,
2014,Lettres  langues  arts,568,90,9.3,,
2014,Lettres  langues  arts,717,89,9.3,,
2016,Lettres  langues  arts,711,84,8.5,,
2014,Lettres  langues  arts,144,80,9.3,,
2016,Lettres  langues  arts,150,89,8.5,,
2017,Lettres  langues  arts,702,90,7.8,,
2012,Lettres  langues  arts,608,87,10.1,,
2013,Lettres  langues  arts,138,90,9.9,,
2013,Lettres  langues  arts,675,89,9.9,,
2014,Lettres  langues  arts,48,89,9.3,,
2011,Lettres  langues  arts,68,92,9.7,,
2014,Lettres  langues  arts,34,86,9.3,,
2014,Lettres  langues  arts,191,88,9.3,,
2016,Lettres  langues  arts,220,88,8.5,,
2014,Lettres  langues  arts,34,81,9.3,,
2015,Lettres  langues  arts,202,86,8.6,,
2012,Lettres  langues  arts,235,83,10.1,,
2016,Lettres  langues  arts,182,91,8.5,,
2015,Lettres  langues  arts,171,91,8.6,,
2013,Lettres  langues  arts,175,88,9.9,,
2018,Lettres  langues  arts,92,90,7.8,,
2018,Lettres  langues  arts,92,87,7.8,,
2014,Lettres  langues  arts,116,84,9.3,,
2016,Lettres  langues  arts,124,90,8.5,,
2014,Lettres  langues  arts,28,80,9.3,,
2016,Lettres  langues  arts,103,95,8.5,,
2017,Lettres  langues  arts,128,88,7.8,,
2012,Lettres  langues  arts,135,91,10.1,,
2017,Lettres  langues  arts,128,92,7.8,,
2013,Lettres  langues  arts,35,82,9.9,,
2016,Lettres  langues  arts,94,83,8.5,,
2017,Lettres  langues  arts,134,88,7.8,,
2015,Lettres  langues  arts,105,88,8.6,,
2016,Lettres  langues  arts,113,84,8.5,,
2013,Lettres  langues  arts,97,89,9.9,,
2018,Lettres  langues  arts,157,73,7.8,,
2018,Lettres  langues  arts,143,86,7.8,,
2016,Lettres  langues  arts,35,87,8.5,,
2015,Lettres  langues  arts,156,78,8.6,,
2015,Lettres  langues  arts,39,69,8.6,,
2018,Lettres  langues  arts,32,77,7.8,,
2015,Lettres  langues  arts,117,84,8.6,,
2017,Lettres  langues  arts,109,80,7.8,,
2013,Lettres  langues  arts,149,82,9.9,,
2014,Histoire-geographie,1067,83,9.3,,
2018,Histoire-geographie,1118,81,7.8,,
2015,Histoire-geographie,1117,77,8.6,,
2017,Histoire-geographie,1034,85,7.8,,
2014,Histoire-geographie,156,85,9.3,,
2014,Histoire-geographie,365,76,9.3,,
2016,Histoire-geographie,149,74,8.5,,
2016,Histoire-geographie,490,80,8.5,,
2015,Histoire-geographie,377,82,8.6,,
2015,Histoire-geographie,543,80,8.6,,
2016,Histoire-geographie,341,79,8.5,,
2018,Histoire-geographie,637,80,7.8,,
2013,Histoire-geographie,480,73,9.9,,
2018,Histoire-geographie,225,87,7.8,,
2014,Histoire-geographie,538,84,9.3,,
2016,Histoire-geographie,293,87,8.5,,
2014,Histoire-geographie,245,76,9.3,,
2016,Histoire-geographie,565,86,8.5,,
2017,Histoire-geographie,230,90,7.8,,
2011,Histoire-geographie,558,86,9.7,,
2013,Histoire-geographie,288,86,9.9,,
2018,Histoire-geographie,481,86,7.8,,
2014,Psychologie,1348,88,9.3,,
2016,Psychologie,1486,89,8.5,,
2015,Psychologie,1341,87,8.6,,
2011,Psychologie,1580,92,9.7,,
2012,Psychologie,1425,86,10.1,,
2017,Psychologie,1314,94,7.8,,
2014,Information communication,1051,84,9.3,,
2018,Information communication,1521,85,7.8,,
2015,Information communication,481,89,8.6,,
2015,Information communication,1551,85,8.6,,
2016,Information communication,1386,88,8.5,,
2016,Information communication,992,88,8.5,,
2017,Information communication,367,85,7.8,,
2017,Information communication,1131,87,7.8,,
2016,Autres sciences humaines et sociales,1933,88,8.5,,
2017,Autres sciences humaines et sociales,2114,89,7.8,,
2016,Autres sciences humaines et sociales,842,87,8.5,,
2015,Autres sciences humaines et sociales,741,82,8.6,,
2015,Autres sciences humaines et sociales,328,82,8.6,,
2017,Autres sciences humaines et sociales,402,93,7.8,,
2015,Autres sciences humaines et sociales,413,91,8.6,,
2012,Autres sciences humaines et sociales,782,85,10.1,,
2016,Autres sciences humaines et sociales,842,89,8.5,,
2018,Autres sciences humaines et sociales,1294,87,7.8,,
2013,Autres sciences humaines et sociales,771,75,9.9,,
2013,Autres sciences humaines et sociales,323,72,9.9,,
2013,Autres sciences humaines et sociales,771,87,9.9,,
2018,Autres sciences humaines et sociales,86,72,7.8,,
2014,Autres sciences humaines et sociales,117,67,9.3,,
2014,Autres sciences humaines et sociales,86,68,9.3,,
2017,Autres sciences humaines et sociales,47,79,7.8,,
2015,Autres sciences humaines et sociales,115,71,8.6,,
2015,Autres sciences humaines et sociales,89,73,8.6,,
2018,Autres sciences humaines et sociales,36,76,7.8,,
2012,Autres sciences humaines et sociales,143,66,10.1,,
2011,Autres sciences humaines et sociales,144,72,9.7,,
2017,Autres sciences humaines et sociales,68,76,7.8,,
2017,Autres sciences humaines et sociales,68,73,7.8,,
2016,Autres sciences humaines et sociales,59,87,8.5,,
2012,Autres sciences humaines et sociales,70,83,10.1,,
2017,Autres sciences humaines et sociales,45,74,7.8,,
2013,Autres sciences humaines et sociales,40,80,9.9,,
2014,Autres sciences humaines et sociales,238,90,9.3,,
2015,Autres sciences humaines et sociales,221,87,8.6,,
2015,Autres sciences humaines et sociales,193,86,8.6,,
2017,Autres sciences humaines et sociales,32,100,7.8,,
2011,Autres sciences humaines et sociales,256,89,9.7,,
2013,Autres sciences humaines et sociales,189,89,9.9,,
2013,Autres sciences humaines et sociales,158,88,9.9,,
2013,Autres sciences humaines et sociales,189,88,9.9,,
2012,Autres sciences humaines et sociales,367,85,10.1,,
2013,Autres sciences humaines et sociales,274,80,9.9,,
2017,Autres sciences humaines et sociales,220,85,7.8,,
2014,Autres sciences humaines et sociales,384,80,9.3,,
2018,Autres sciences humaines et sociales,444,84,7.8,,
2016,Autres sciences humaines et sociales,90,84,8.5,,
2017,Autres sciences humaines et sociales,417,89,7.8,,
2012,Sciences de l'ingenieur,324,91,10.1,,
2015,Sciences de l'ingenieur,293,96,8.6,,
2013,Sciences de l'ingenieur,273,93,9.9,,
2013,Sciences de l'ingenieur,71,87,9.9,,
2017,Sciences de l'ingenieur,309,95,7.8,,
2017,Sciences de l'ingenieur,259,96,7.8,,
2016,Sciences de l'ingenieur,78,88,8.5,,
2012,Sciences de l'ingenieur,271,88,10.1,,
2017,Sciences de l'ingenieur,139,94,7.8,,
2013,Sciences de l'ingenieur,96,85,9.9,,
2011,Sciences de l'ingenieur,481,95,9.7,,
2017,Sciences de l'ingenieur,342,92,7.8,,
2017,Sciences de l'ingenieur,106,92,7.8,,
2018,Sciences de l'ingenieur,389,88,7.8,,
2014,Sciences de l'ingenieur,357,83,9.3,,
2016,Sciences de l'ingenieur,536,90,8.5,,
2016,Sciences de l'ingenieur,376,95,8.5,,
2015,Sciences de l'ingenieur,536,90,8.6,,
2015,Sciences de l'ingenieur,190,95,8.6,,
2013,Sciences de l'ingenieur,363,86,9.9,,
2017,Sciences de l'ingenieur,269,95,7.8,,
2014,Informatique,1437,97,9.3,,
2015,Informatique,1316,97,8.6,,
2016,Informatique,1309,95,8.5,,
2015,Informatique,1316,96,8.6,,
2015,Informatique,207,97,8.6,,
2017,Informatique,210,97,7.8,,
2013,Informatique,1419,94,9.9,,
2013,Informatique,1219,94,9.9,,
2013,Informatique,193,94,9.9,,
2013,Informatique,1219,96,9.9,,
2017,Autres sciences  technologies et sante,1274,93,7.8,,
2018,Autres sciences  technologies et sante,1542,92,7.8,,
2014,Autres sciences  technologies et sante,48,85,9.3,,
2015,Autres sciences  technologies et sante,56,95,8.6,,
2017,Autres sciences  technologies et sante,30,96,7.8,,
2014,Autres sciences  technologies et sante,35,96,9.3,,
2016,Autres sciences  technologies et sante,54,100,8.5,,
2016,Autres sciences  technologies et sante,59,100,8.5,,
2017,Autres sciences  technologies et sante,33,100,7.8,,
2017,Autres sciences  technologies et sante,36,100,7.8,,
2012,Autres sciences  technologies et sante,37,97,10.1,,
2017,Autres sciences  technologies et sante,33,97,7.8,,
2012,Autres sciences  technologies et sante,293,93,10.1,,
2016,Autres sciences  technologies et sante,103,90,8.5,,
2017,Autres sciences  technologies et sante,131,90,7.8,,
2013,Autres sciences  technologies et sante,72,92,9.9,,
2017,Autres sciences  technologies et sante,78,86,7.8,,
2013,Autres sciences  technologies et sante,273,89,9.9,,
2014,Autres sciences  technologies et sante,42,92,9.3,,
2016,Autres sciences  technologies et sante,59,94,8.5,,
2015,Autres sciences  technologies et sante,44,96,8.6,,
2013,Autres sciences  technologies et sante,41,80,9.9,,
2013,Autres sciences  technologies et sante,135,90,9.9,,
2018,Autres sciences  technologies et sante,331,92,7.8,,
2014,Autres sciences  technologies et sante,378,88,9.3,,
2016,Autres sciences  technologies et sante,697,91,8.5,,
2017,Autres sciences  technologies et sante,415,92,7.8,,
2016,Autres sciences  technologies et sante,211,89,8.5,,
2016,Autres sciences  technologies et sante,127,89,8.5,,
2018,Autres sciences  technologies et sante,81,93,7.8,,
2017,Autres sciences  technologies et sante,192,88,7.8,,
2014,Autres sciences  technologies et sante,48,78,9.3,,
2018,Autres sciences  technologies et sante,80,95,7.8,,
2016,Autres sciences  technologies et sante,30,86,8.5,,
2014,Autres sciences  technologies et sante,30,75,9.3,,
2011,Autres sciences  technologies et sante,39,90,9.7,,
2016,Autres sciences  technologies et sante,35,88,8.5,,
2013,Autres sciences  technologies et sante,51,78,9.9,,
2018,Masters enseignement,1521,97,7.8,,
2011,Masters enseignement,6082,97,9.7,,
2017,Masters enseignement,1387,97,7.8,,
2013,Masters enseignement,4177,98,9.9,,
2017,Masters enseignement,4540,98,7.8,,
2018,Autres sciences humaines et sociales,379,81,7.8,,
2016,Autres sciences humaines et sociales,345,84,8.5,,
2017,Autres sciences humaines et sociales,292,88,7.8,,
2013,Autres sciences humaines et sociales,98,80,9.9,,
2017,Autres sciences humaines et sociales,72,80,7.8,,
2014,Autres sciences humaines et sociales,78,74,9.3,,
2016,Autres sciences humaines et sociales,358,94,8.5,,
2015,Autres sciences humaines et sociales,289,83,8.6,,
2011,Autres sciences humaines et sociales,352,85,9.7,,
2017,Autres sciences humaines et sociales,99,89,7.8,,
2014,Sciences de la vie et de la terre,2681,78,9.3,,
2018,Sciences de la vie et de la terre,801,83,7.8,,
2016,Sciences de la vie et de la terre,1875,85,8.5,,
2015,Sciences de la vie et de la terre,541,86,8.6,,
2015,Sciences de la vie et de la terre,541,81,8.6,,
2011,Sciences de la vie et de la terre,1474,86,9.7,,
2013,Sciences de la vie et de la terre,491,83,9.9,,
2018,Sciences de la vie et de la terre,2362,90,7.8,,
2017,Sciences de la vie et de la terre,1437,87,7.8,,
2017,Sciences de la vie et de la terre,2115,86,7.8,,
2014,Sciences de la vie et de la terre,417,83,9.3,,
2016,Sciences de la vie et de la terre,368,80,8.5,,
2016,Sciences de la vie et de la terre,757,78,8.5,,
2011,Sciences de la vie et de la terre,757,84,9.7,,
2017,Sciences de la vie et de la terre,377,83,7.8,,
2014,Sciences de la vie et de la terre,163,86,9.3,,
2016,Sciences de la vie et de la terre,32,63,8.5,,
2015,Sciences de la vie et de la terre,155,81,8.6,,
2015,Sciences de la vie et de la terre,94,84,8.6,,
2012,Sciences de la vie et de la terre,134,81,10.1,,
2017,Sciences de la vie et de la terre,53,63,7.8,,
2013,Sciences de la vie et de la terre,128,92,9.9,,
2014,Sciences fondamentales,1127,90,9.3,,
2015,Sciences fondamentales,1161,85,8.6,,
2018,Sciences fondamentales,1321,91,7.8,,
2014,Sciences fondamentales,340,83,9.3,,
2018,Sciences fondamentales,643,85,7.8,,
2018,Sciences fondamentales,384,87,7.8,,
2017,Sciences fondamentales,250,90,7.8,,
2012,Sciences fondamentales,620,88,10.1,,
2018,Sciences fondamentales,259,84,7.8,,
2015,Sciences fondamentales,358,90,8.6,,
2013,Sciences fondamentales,202,81,9.9,,
2014,Sciences fondamentales,49,86,9.3,,
2018,Sciences fondamentales,54,96,7.8,,
2016,Sciences fondamentales,152,90,8.5,,
2016,Sciences fondamentales,152,89,8.5,,
2016,Sciences fondamentales,186,89,8.5,,
2015,Sciences fondamentales,42,94,8.6,,
2012,Sciences fondamentales,263,89,10.1,,
2013,Sciences fondamentales,70,95,9.9,,
2014,Sciences fondamentales,67,86,9.3,,
2015,Sciences fondamentales,35,83,8.6,,
2015,Sciences fondamentales,35,89,8.6,,
2016,Sciences fondamentales,81,87,8.5,,
2017,Sciences fondamentales,150,89,7.8,,
2018,Sciences fondamentales,244,94,7.8,,
2016,Sciences fondamentales,172,98,8.5,,
2015,Sciences fondamentales,157,96,8.6,,
2015,Sciences fondamentales,83,94,8.6,,
2011,Sciences fondamentales,382,96,9.7,,
2016,Sciences fondamentales,71,96,8.5,,
2013,Sciences fondamentales,102,94,9.9,,
2013,Sciences fondamentales,102,97,9.9,,
2014,Sciences fondamentales,52,97,9.3,,
2016,Sciences fondamentales,125,87,8.5,,
2016,Sciences fondamentales,55,95,8.5,,
2012,Sciences fondamentales,61,95,10.1,,
2017,Sciences fondamentales,76,98,7.8,,
2014,Sciences de l'ingenieur,1923,87,9.3,,
2016,Sciences de l'ingenieur,1864,92,8.5,,
2014,Sciences de l'ingenieur,241,93,9.3,,
2014,Sciences de l'ingenieur,215,95,9.3,,
2015,Sciences de l'ingenieur,221,97,8.6,,
2018,Sciences de l'ingenieur,320,96,7.8,,
2014,Sciences de l'ingenieur,321,91,9.3,,
2016,Sciences de l'ingenieur,273,95,8.5,,
